Company,NSE Symbol,ISIN,Sector,Sub-Industry
Reliance Industries Limited,RELIANCE,INE002A01018,Energy,Refineries & Marketing
HDFC Bank Limited,HDFCBANK,INE040A01034,Financial Services,Private Sector Bank
Bharti Airtel Limited,BHARTIARTL,INE397D01024,Telecommunication,Telecom - Cellular & Fixed line services
ICICI Bank Limited,ICICIBANK,INE090A01021,Financial Services,Private Sector Bank
State Bank of India,SBIN,INE062A01020,Financial Services,Public Sector Bank
Tata Consultancy Services Limited,TCS,INE467B01029,Information Technology,Computers - Software & Consulting
TVS Motor Company Limited,TVSMOTOR,INE494B01023,Consumer Discretionary,2/3 Wheelers
Bajaj Finance Limited,BAJFINANCE,INE296A01032,Financial Services,Non Banking Financial Company (NBFC)
Larsen & Toubro Limited,LT,INE018A01030,Industrials,Civil Construction
Hindustan Unilever Limited,HINDUNILVR,INE030A01027,Fast Moving Consumer Goods,Diversified FMCG
Life Insurance Corporation Of India,LICI,INE0J1Y01017,Financial Services,Life Insurance
Infosys Limited,INFY,INE009A01021,Information Technology,Computers - Software & Consulting
Sun Pharmaceutical Industries Limited,SUNPHARMA,INE044A01036,Healthcare,Pharmaceuticals
Adani Power Limited,ADANIPOWER,INE814H01029,Utilities,Integrated Power Utilities
Adani Ports and Special Economic Zone Limited,ADANIPORTS,INE742F01042,Services,Port & Port services
Maruti Suzuki India Limited,MARUTI,INE585B01010,Consumer Discretionary,Passenger Cars & Utility Vehicles
Axis Bank Limited,AXISBANK,INE238A01034,Financial Services,Private Sector Bank
Mahindra & Mahindra Limited,M&M,INE101A01026,Consumer Discretionary,Passenger Cars & Utility Vehicles
ITC Limited,ITC,INE154A01025,Fast Moving Consumer Goods,Diversified FMCG
NTPC Limited,NTPC,INE733E01010,Utilities,Power Generation
Oil & Natural Gas Corporation Limited,ONGC,INE213A01029,Energy,Oil Exploration & Production
Titan Company Limited,TITAN,INE280A01028,Consumer Discretionary,Gems Jewellery And Watches
UltraTech Cement Limited,ULTRACEMCO,INE481G01011,Commodities,Cement & Cement Products
HCL Technologies Limited,HCLTECH,INE860A01027,Information Technology,Computers - Software & Consulting
JSW Steel Limited,JSWSTEEL,INE019A01038,Commodities,Iron & Steel
Bharat Electronics Limited,BEL,INE263A01024,Industrials,Aerospace & Defense
Bajaj Auto Limited,BAJAJ-AUTO,INE917I01010,Consumer Discretionary,2/3 Wheelers
Hindustan Aeronautics Limited,HAL,INE066F01020,Industrials,Aerospace & Defense
Coal India Limited,COALINDIA,INE522F01014,Energy,Coal
Power Grid Corporation of India Limited,POWERGRID,INE752E01010,Utilities,Power - Transmission
Bajaj Finserv Limited,BAJAJFINSV,INE918I01026,Financial Services,Holding Company
Nestle India Limited,NESTLEIND,INE239A01024,Fast Moving Consumer Goods,Packaged Foods
Avenue Supermarts Limited,DMART,INE192R01011,Consumer Discretionary,Diversified Retail
Hindustan Zinc Limited,HINDZINC,INE267A01025,Commodities,Zinc
Tata Steel Limited,TATASTEEL,INE081A01020,Commodities,Iron & Steel
Asian Paints Limited,ASIANPAINT,INE021A01026,Consumer Discretionary,Paints
Hindalco Industries Limited,HINDALCO,INE038A01020,Commodities,Aluminium
ETERNAL LIMITED,ETERNAL,INE758T01015,Consumer Discretionary,E-Retail/ E-Commerce
Adani Green Energy Limited,ADANIGREEN,INE364U01010,Utilities,Power Generation
Shriram Finance Limited,SHRIRAMFIN,INE721A01047,Financial Services,Non Banking Financial Company (NBFC)
Grasim Industries Limited,GRASIM,INE047A01021,Commodities,Cement & Cement Products
Wipro Limited,WIPRO,INE075A01022,Information Technology,Computers - Software & Consulting
Indian Oil Corporation Limited,GOCLCORP,INE077F01035,Energy,Refineries & Marketing
Eicher Motors Limited,EICHERMOT,INE066A01021,Consumer Discretionary,2/3 Wheelers
SBI Life Insurance Company Limited,SBILIFE,INE123W01016,Financial Services,Life Insurance
Divi's Laboratories Limited,DIVISLAB,INE361B01024,Healthcare,Pharmaceuticals
Varun Beverages Limited,VBL,INE200M01039,Fast Moving Consumer Goods,Other Beverages
BSE Limited,BSE,INE118H01025,Financial Services,Exchange and Data Platform
InterGlobe Aviation Limited,INDIGO,INE646L01027,Services,Airline
Solar Industries India Limited,SOLARINDS,INE343H01029,Commodities,Explosives
Adani Energy Solutions Limited,ADANIENSOL,INE931S01010,Utilities,Power Distribution
Hitachi Energy India Limited,POWERINDIA,INE07Y701011,Industrials,Heavy Electrical Equipment
ICICI Prudential Asset Management Company Limited,ICICIAMC,INE346A01027,Financial Services,Asset Management Company
Jio Financial Services Limited,JIOFIN,INE758E01017,Financial Services,Investment Company
Torrent Pharmaceuticals Limited,TORNTPHARM,INE685A01028,Healthcare,Pharmaceuticals
Cummins India Limited,CUMMINSIND,INE298A01020,Industrials,Compressors Pumps & Diesel Engines
Hyundai Motor India Limited,HYUNDAI,INE0V6F01027,Consumer Discretionary,Passenger Cars & Utility Vehicles
Pidilite Industries Limited,PIDILITIND,INE318A01026,Commodities,Specialty Chemicals
Vodafone Idea Limited,IDEA,INE669E01016,Telecommunication,Telecom - Cellular & Fixed line services
Trent Limited,TRENT,INE849A01020,Consumer Discretionary,Speciality Retail
DLF Limited,DLF,INE271C01023,Consumer Discretionary,Residential Commercial Projects
Samvardhana Motherson International Limited,MOTHERSON,INE775A01035,Consumer Discretionary,Auto Components & Equipments
Power Finance Corporation Limited,PFC,INE134E01011,Financial Services,Financial Institution
Tata Motors Limited,TMPV,INE155A01022,Industrials,Commercial Vehicles
Bharat Heavy Electricals Limited,BHEL,INE257A01026,Industrials,Heavy Electrical Equipment
ABB India Limited,ABB,INE117A01022,Industrials,Heavy Electrical Equipment
Tech Mahindra Limited,TECHM,INE669C01036,Information Technology,Computers - Software & Consulting
Polycab India Limited,POLYCAB,INE455K01017,Industrials,Cables - Electricals
Bank of Baroda,BANKBARODA,INE028A01039,Financial Services,Public Sector Bank
Tata Motors Passenger Vehicles Limited,TMCV,INE1TAE01010,Consumer Discretionary,Passenger Cars & Utility Vehicles
Siemens Limited,SIEMENS,INE003A01024,Industrials,Heavy Electrical Equipment
Muthoot Finance Limited,MUTHOOTFIN,INE414G01012,Financial Services,Non Banking Financial Company (NBFC)
HDFC Life Insurance Company Limited,LICI,INE0J1Y01017,Financial Services,Life Insurance
Tata Power Company Limited,TATAPOWER,INE245A01021,Utilities,Integrated Power Utilities
Vedanta Limited,VEDL,INE205A01025,Commodities,Diversified Metals
Cholamandalam Investment and Finance Company Limited,CHOLAFIN,INE121A01024,Financial Services,Non Banking Financial Company (NBFC)
Bharat Petroleum Corporation Limited,BPCL,INE029A01011,Energy,Refineries & Marketing
Siemens Energy India Limited,ENRIN,INE1NPP01017,Industrials,Heavy Electrical Equipment
Indian Railway Finance Corporation Limited,IRFC,INE053F01010,Financial Services,Financial Institution
Britannia Industries Limited,BRITANNIA,INE216A01030,Fast Moving Consumer Goods,Packaged Foods
Tata Capital Limited,TATACAP,INE976I01016,Financial Services,Non Banking Financial Company (NBFC)
GE Vernova T&D India Limited,GVT&D,INE200A01026,Industrials,Heavy Electrical Equipment
JINDAL STEEL LIMITED,JINDALSTEL,INE749A01030,Commodities,Iron & Steel
Union Bank of India,CUB,INE491A01021,Financial Services,Public Sector Bank
LTM Limited,LTM,INE214T01019,Information Technology,Computers - Software & Consulting
Billionbrains Garage Ventures Limited,GROWW,INE0HOQ01053,Financial Services,Stockbroking & Allied
TATA CONSUMER PRODUCTS LIMITED,TATACONSUM,INE192A01025,Fast Moving Consumer Goods,Tea & Coffee
Apollo Hospitals Enterprise Limited,APOLLOHOSP,INE437A01024,Healthcare,Hospital
HDFC Asset Management Company Limited,HDFCAMC,INE127D01025,Financial Services,Asset Management Company
Punjab National Bank,PNB,INE160A01022,Financial Services,Public Sector Bank
Bajaj Holdings & Investment Limited,BAJAJHLDNG,INE118A01012,Financial Services,Holding Company
Canara Bank,CANBK,INE476A01022,Financial Services,Public Sector Bank
Indus Towers Limited,INDUSTOWER,INE121J01017,Telecommunication,Telecom - Infrastructure
Cipla Limited,CIPLA,INE059A01026,Healthcare,Pharmaceuticals
Dr. Reddy's Laboratories Limited,DRREDDY,INE089A01031,Healthcare,Pharmaceuticals
Indian Bank,BANKINDIA,INE084A01016,Financial Services,Public Sector Bank
Ambuja Cements Limited,AMBUJACEM,INE079A01024,Commodities,Cement & Cement Products
Marico Limited,MARICO,INE196A01026,Fast Moving Consumer Goods,Edible Oil
Max Healthcare Institute Limited,MAXHEALTH,INE027H01010,Healthcare,Hospital
Mankind Pharma Limited,MANKIND,INE634S01028,Healthcare,Pharmaceuticals
LG Electronics India Limited,LGEINDIA,INE324D01010,Consumer Discretionary,Household Appliances
Godrej Consumer Products Limited,GODREJCP,INE102D01028,Fast Moving Consumer Goods,Personal Care
Zydus Lifesciences Limited,ZYDUSLIFE,INE010B01027,Healthcare,Pharmaceuticals
Lupin Limited,LUPIN,INE326A01037,Healthcare,Pharmaceuticals
Bosch Limited,BOSCHLTD,INE323A01026,Consumer Discretionary,Auto Components & Equipments
GAIL (India) Limited,GAIL,INE129A01019,Energy,Gas Transmission/Marketing
GMR AIRPORTS LIMITED,GMRAIRPORT,INE776C01039,Services,Airport & Airport services
Mazagon Dock Shipbuilders Limited,MAZDOCK,INE249Z01020,Industrials,Ship Building & Allied Services
Hero MotoCorp Limited,HEROMOTOCO,INE158A01026,Consumer Discretionary,2/3 Wheelers
JSW Energy Limited,JSWENERGY,INE121E01018,Utilities,Power Generation
The Indian Hotels Company Limited,SAJHOTELS,INE00MT01022,Consumer Discretionary,Hotels & Resorts
United Spirits Limited,UNITDSPR,INE854D01024,Fast Moving Consumer Goods,Breweries & Distilleries
Aditya Birla Capital Limited,CIFL,INE345H01024,Financial Services,Investment Company
Bharat Forge Limited,BHARATFORG,INE465A01025,Consumer Discretionary,Auto Components & Equipments
Lloyds Metals And Energy Limited,IMFA,INE919H01018,Commodities,Industrial Minerals
Ashok Leyland Limited,ASHOKLEY,INE208A01029,Industrials,Commercial Vehicles
Meesho Limited,MEESHO,INE0VDM01015,Consumer Discretionary,E-Retail/ E-Commerce
SHREE CEMENT LIMITED,SHREECEM,INE070A01015,Commodities,Cement & Cement Products
NTPC Green Energy Limited,NTPCGREEN,INE0ONG01011,Utilities,Power Generation
ICICI Lombard General Insurance Company Limited,ICICIGI,INE765G01017,Financial Services,General Insurance
Lodha Developers Limited,LODHA,INE670K01029,Consumer Discretionary,Residential Commercial Projects
Aurobindo Pharma Limited,AUROPHARMA,INE406A01037,Healthcare,Pharmaceuticals
REC Limited,RECLTD,INE020B01018,Financial Services,Financial Institution
Waaree Energies Limited,WAAREEENER,INE377N01017,Industrials,Other Electrical Equipment
PB Fintech Limited,POLICYBZR,INE417T01026,Financial Services,Financial Technology (Fintech)
Hindustan Petroleum Corporation Limited,HINDPETRO,INE094A01015,Energy,Refineries & Marketing
Oil India Limited,OIL,INE274J01014,Energy,Oil Exploration & Production
NHPC Limited,NHPC,INE848E01016,Utilities,Power Generation
Persistent Systems Limited,PERSISTENT,INE262H01021,Information Technology,Computers - Software & Consulting
Bharti Hexacom Limited,BHARTIHEXA,INE343G01021,Telecommunication,Telecom - Cellular & Fixed line services
Dabur India Limited,DABUR,INE016A01026,Fast Moving Consumer Goods,Personal Care
IDBI Bank Limited,IDBI,INE008A01015,Financial Services,Private Sector Bank
FSN E-Commerce Ventures Limited,NYKAA,INE388Y01029,Consumer Discretionary,E-Retail/ E-Commerce
NMDC Limited,NMDC,INE584A01023,Commodities,Industrial Minerals
SRF Limited,SRF,INE647A01010,Commodities,Specialty Chemicals
Torrent Power Limited,TORNTPOWER,INE813H01021,Utilities,Integrated Power Utilities
Havells India Limited,HAVELLS,INE176B01034,Consumer Discretionary,Consumer Electronics
National Aluminium Company Limited,NATIONALUM,INE139A01034,Commodities,Aluminium
ICICI Prudential Life Insurance Company Limited,LICI,INE0J1Y01017,Financial Services,Life Insurance
One 97 Communications Limited,PAYTM,INE982J01020,Financial Services,Financial Technology (Fintech)
Suzlon Energy Limited,SUZLON,INE040H01021,Industrials,Heavy Electrical Equipment
Laurus Labs Limited,LAURUSLABS,INE947Q01028,Healthcare,Pharmaceuticals
AU Small Finance Bank Limited,AUBANK,INE949L01017,Financial Services,Other Bank
Adani Total Gas Limited,ATGL,INE399L01023,Energy,LPG/CNG/PNG/LNG Supplier
The Federal Bank  Limited,FEDERALBNK,INE171A01029,Financial Services,Private Sector Bank
Swiggy Limited,SWIGGY,INE00H001014,Consumer Discretionary,E-Retail/ E-Commerce
IndusInd Bank Limited,INDUSINDBK,INE095A01012,Financial Services,Private Sector Bank
Biocon Limited,BIOCON,INE376G01013,Healthcare,Pharmaceuticals
Nippon Life India Asset Management Limited,NAM-INDIA,INE298J01013,Financial Services,Asset Management Company
Bajaj Housing Finance Limited,BAJAJHFL,INE377Y01014,Financial Services,Housing Finance Company
Yes Bank Limited,YESBANK,INE528G01035,Financial Services,Private Sector Bank
General Insurance Corporation of India,GICRE,INE481Y01014,Financial Services,General Insurance
L&T Finance Limited,LTF,INE498L01015,Financial Services,Investment Company
Glenmark Pharmaceuticals Limited,GLENMARK,INE935A01035,Healthcare,Pharmaceuticals
Dixon Technologies (India) Limited,DIXON,INE935N01020,Consumer Discretionary,Consumer Electronics
Alkem Laboratories Limited,ALKEM,INE540L01014,Healthcare,Pharmaceuticals
Indian Overseas Bank,BANG,INE863I01016,Financial Services,Public Sector Bank
Schaeffler India Limited,SCHAEFFLER,INE513A01022,Consumer Discretionary,Auto Components & Equipments
The Phoenix Mills Limited,PHOENIXLTD,INE211B01039,Consumer Discretionary,Residential Commercial Projects
Bank of India,BANKINDIA,INE084A01016,Financial Services,Public Sector Bank
Linde India Limited,LINDEINDIA,INE473A01011,Commodities,Industrial Gases
UNO Minda Limited,UNOMINDA,INE405E01023,Consumer Discretionary,Auto Components & Equipments
Oberoi Realty Limited,OBEROIRLTY,INE093I01010,Consumer Discretionary,Residential Commercial Projects
Info Edge (India) Limited,NAUKRI,INE663F01032,Consumer Discretionary,Internet & Catalogue Retail
Prestige Estates Projects Limited,PRESTIGE,INE811K01011,Consumer Discretionary,Residential Commercial Projects
SBI Cards and Payment Services Limited,SBICARD,INE018E01016,Financial Services,Non Banking Financial Company (NBFC)
Colgate Palmolive (India) Limited,COLPAL,INE259A01022,Fast Moving Consumer Goods,Personal Care
Tube Investments of India Limited,TIINDIA,INE974X01010,Consumer Discretionary,Auto Components & Equipments
IDFC First Bank Limited,IDFCFIRSTB,INE092T01019,Financial Services,Private Sector Bank
Abbott India Limited,ABBOTINDIA,INE358A01014,Healthcare,Pharmaceuticals
Berger Paints (I) Limited,BERGEPAINT,INE463A01038,Consumer Discretionary,Paints
Vishal Mega Mart Limited,VMM,INE01EA01019,Consumer Discretionary,Diversified Retail
Fertilizers and Chemicals Travancore Limited,FACT,INE188A01015,Commodities,Fertilizers
Rail Vikas Nigam Limited,RVNL,INE415G01027,Industrials,Civil Construction
Max Financial Services Limited,MFSL,INE180A01020,Financial Services,Life Insurance
JSW Infrastructure Limited,JSWINFRA,INE880J01026,Services,Port & Port services
Thermax Limited,THERMAX,INE152A01029,Industrials,Heavy Electrical Equipment
Hindustan Copper Limited,HINDCOPPER,INE531E01026,Commodities,Copper
MRF Limited,MRF,INE883A01011,Consumer Discretionary,Tyres & Rubber Products
UPL Limited,UPL,INE628A01036,Commodities,Pesticides & Agrochemicals
Tata Communications Limited,TATACOMM,INE151A01013,Telecommunication,Telecom - Cellular & Fixed line services
Godrej Properties Limited,GODREJPROP,INE484J01027,Consumer Discretionary,Residential Commercial Projects
APL Apollo Tubes Limited,APLAPOLLO,INE702C01027,Industrials,Iron & Steel Products
Apar Industries Limited,APARINDS,INE372A01015,Industrials,Other Electrical Equipment
Patanjali Foods Limited,PATANJALI,INE619A01035,Fast Moving Consumer Goods,Edible Oil
Sundaram Finance Limited,SUNDARMFIN,INE660A01013,Financial Services,Non Banking Financial Company (NBFC)
KEI Industries Limited,KEI,INE878B01027,Industrials,Cables - Electricals
NLC India Limited,NLCINDIA,INE589A01014,Utilities,Power Generation
Bharat Dynamics Limited,BDL,INE171Z01026,Industrials,Aerospace & Defense
Radico Khaitan Limited,RADICO,INE944F01028,Fast Moving Consumer Goods,Breweries & Distilleries
Coforge Limited,COFORGE,INE591G01025,Information Technology,Computers - Software & Consulting
360 ONE WAM LIMITED,360ONE,INE466L01038,Financial Services,Stockbroking & Allied
Premier Energies Limited,PREMIERENE,INE0BS701011,Industrials,Other Electrical Equipment
Authum Investment & Infrastructure Limited,AIIL,INE206F01022,Financial Services,Non Banking Financial Company (NBFC)
Anthem Biosciences Limited,ANTHEM,INE0CZ201020,Healthcare,Biotechnology
Supreme Industries Limited,SUPREMEIND,INE195A01028,Industrials,Plastic Products - Industrial
Piramal Finance Limited,PIRAMALFIN,INE202B01038,Financial Services,Non Banking Financial Company (NBFC)
Balkrishna Industries Limited,BALKRISIND,INE787D01026,Consumer Discretionary,Tyres & Rubber Products
MphasiS Limited,MPHASIS,INE356A01018,Information Technology,Computers - Software & Consulting
Mahindra & Mahindra Financial Services Limited,M&MFIN,INE774D01024,Financial Services,Non Banking Financial Company (NBFC)
Indian Railway Catering And Tourism Corporation Limited,IRCTC,INE335Y01020,Consumer Discretionary,Tour Travel Related Services
Page Industries Limited,PAGEIND,INE761H01022,Consumer Discretionary,Garments & Apparels
JK Cement Limited,JKLAKSHMI,INE786A01032,Commodities,Cement & Cement Products
Voltas Limited,VOLTAS,INE226A01021,Consumer Discretionary,Household Appliances
PI Industries Limited,PIIND,INE603J01030,Commodities,Pesticides & Agrochemicals
IPCA Laboratories Limited,IPCALAB,INE571A01038,Healthcare,Pharmaceuticals
Housing & Urban Development Corporation Limited,HUDCO,INE031A01017,Financial Services,Financial Institution
Cochin Shipyard Limited,COCHINSHIP,INE704P01025,Industrials,Ship Building & Allied Services
Petronet LNG Limited,PETRONET,INE347G01014,Energy,LPG/CNG/PNG/LNG Supplier
Astral Limited,ASTRAL,INE006I01046,Industrials,Plastic Products - Industrial
Ajanta Pharma Limited,AJANTPHARM,INE031B01049,Healthcare,Pharmaceuticals
Aster DM Healthcare Limited,ASTERDM,INE914M01019,Healthcare,Hospital
Narayana Hrudayalaya Ltd.,NH,INE410P01011,Healthcare,Hospital
Container Corporation of India Limited,CONCOR,INE111A01025,Services,Logistics Solution Provider
Godrej Industries Limited,GODREJIND,INE233A01035,Diversified,Diversified
L&T Technology Services Limited,LTTS,INE010V01017,Information Technology,IT Enabled Services
AIA Engineering Limited,AIAENG,INE212H01026,Industrials,Castings & Forgings
Gland Pharma Limited,GLAND,INE068V01023,Healthcare,Pharmaceuticals
Navin Fluorine International Limited,NAVINFLUOR,INE048G01026,Commodities,Specialty Chemicals
Endurance Technologies Limited,ENDURANCE,INE913H01037,Consumer Discretionary,Auto Components & Equipments
Kalyan Jewellers India Limited,KALYANKJIL,INE303R01014,Consumer Discretionary,Gems Jewellery And Watches
Indian Renewable Energy Development Agency Limited,IREDA,INE202E01016,Financial Services,Financial Institution
Godfrey Phillips India Limited,GODFRYPHLP,INE260B01028,Fast Moving Consumer Goods,Cigarettes & Tobacco Products
Welspun Corp Limited,WELCORP,INE191B01025,Industrials,Iron & Steel Products
United Breweries Limited,UBL,INE686F01025,Fast Moving Consumer Goods,Breweries & Distilleries
3M India Limited,3MINDIA,INE470A01017,Diversified,Diversified
JB Chemicals & Pharmaceuticals Limited,JBCHEPHARM,INE572A01036,Healthcare,Pharmaceuticals
Ather Energy Limited,ATHERENERG,INE0LEZ01016,Consumer Discretionary,2/3 Wheelers
Blue Star Limited,BLUESTARCO,INE472A01039,Consumer Discretionary,Household Appliances
Delhivery Limited,DELHIVERY,INE148O01028,Services,Logistics Solution Provider
Tata Investment Corporation Limited,TATAINVEST,INE672A01026,Financial Services,Investment Company
Global Health Limited,MEDANTA,INE474Q01031,Healthcare,Hospital
K.P.R. Mill Limited,KPRMILL,INE930H01031,Consumer Discretionary,Other Textile Products
Emcure Pharmaceuticals Limited,EMCURE,INE168P01015,Healthcare,Pharmaceuticals
ITC Hotels Limited,ITCHOTELS,INE379A01028,Consumer Discretionary,Hotels & Resorts
Escorts Kubota Limited,ESCORTS,INE042A01014,Industrials,Tractors
Dalmia Bharat Limited,DALMIASUG,INE495A01022,Commodities,Cement & Cement Products
Physicswallah Limited,PWL,INE0LP301011,Consumer Discretionary,E-Learning
Schneider Electric Infrastructure Limited,SCHNEIDER,INE839M01018,Industrials,Heavy Electrical Equipment
Procter & Gamble Hygiene and Health Care Limited,PGHH,INE179A01014,Fast Moving Consumer Goods,Personal Care
Angel One Limited,ANGELONE,INE732I01021,Financial Services,Stockbroking & Allied
Hexaware Technologies Limited,HEXT,INE093A01041,Information Technology,Computers - Software & Consulting
UCO Bank,UCOBANK,INE691A01018,Financial Services,Public Sector Bank
Bandhan Bank Limited,BANDHANBNK,INE545U01014,Financial Services,Private Sector Bank
Garden Reach Shipbuilders & Engineers Limited,GRSE,INE382Z01011,Industrials,Aerospace & Defense
Central Bank of India,CENTRALBK,INE483A01010,Financial Services,Public Sector Bank
CRISIL Limited,CRISIL,INE007A01025,Financial Services,Other Financial Services
Cholamandalam Financial Holdings Limited,CHOLAHLDNG,INE149A01033,Financial Services,Investment Company
Manappuram Finance Limited,MANAPPURAM,INE522D01027,Financial Services,Non Banking Financial Company (NBFC)
LIC Housing Finance Limited,LICHSGFIN,INE115A01026,Financial Services,Housing Finance Company
Metro Brands Limited,METROBRAND,INE317I01021,Consumer Discretionary,Footwear
Anand Rathi Wealth Limited,ANANDRATHI,INE463V01026,Financial Services,Financial Products Distributor
Aditya Birla Sun Life AMC Limited,ABSLAMC,INE404A01024,Financial Services,Asset Management Company
Exide Industries Limited,EXIDEIND,INE302A01020,Consumer Discretionary,Auto Components & Equipments
SJVN Limited,SJVN,INE002L01015,Utilities,Power Generation
Aditya Infotech Limited,CPPLUS,INE819V01029,Industrials,Industrial Products
Go Digit General Insurance Limited,GODIGIT,INE03JT01014,Financial Services,General Insurance
Timken India Limited,TIMKEN,INE325A01013,Industrials,Abrasives & Bearings
IRB Infrastructure Developers Limited,IRB,INE821I01022,Industrials,Civil Construction
Karur Vysya Bank Limited,KARURVYSYA,INE036D01028,Financial Services,Private Sector Bank
PNB Housing Finance Limited,PNBHOUSING,INE572E01012,Financial Services,Housing Finance Company
ITI Limited,ITI,INE248A01017,Telecommunication,Telecom - Equipment & Accessories
The New India Assurance Company Limited,NIACL,INE470Y01017,Financial Services,General Insurance
Nuvama Wealth Management Limited,NUVAMA,INE531F01023,Financial Services,Stockbroking & Allied
ZF Commercial Vehicle Control Systems India Limited,ZFCVINDIA,INE342J01019,Consumer Discretionary,Auto Components & Equipments
Tata Technologies Limited,TATATECH,INE142M01025,Information Technology,IT Enabled Services
TVS Holdings Limited,TVSHLTD,INE105A01035,Financial Services,Investment Company
Motherson Sumi Wiring India Limited,MSUMI,INE0FS801015,Consumer Discretionary,Auto Components & Equipments
Mangalore Refinery and Petrochemicals Limited,MRPL,INE103A01014,Energy,Refineries & Marketing
Tata Elxsi Limited,TATAELXSI,INE670A01012,Information Technology,Computers - Software & Consulting
Wockhardt Limited,WOCKPHARMA,INE049B01025,Healthcare,Pharmaceuticals
Shyam Metalics and Energy Limited,SHYAMMETL,INE810G01011,Industrials,Iron & Steel Products
Gujarat Gas Limited,GUJGASLTD,INE844O01030,Energy,LPG/CNG/PNG/LNG Supplier
AWL Agri Business Limited,AWL,INE699H01024,Fast Moving Consumer Goods,Edible Oil
ACC Limited,ACC,INE012A01025,Commodities,Cement & Cement Products
Aegis Logistics Limited,AEGISLOG,INE208C01025,Energy,Trading - Gas
NBCC (India) Limited,NBCC,INE095N01031,Industrials,Civil Construction
FORCE MOTORS LTD,FORCEMOT,INE451A01017,Consumer Discretionary,Passenger Cars & Utility Vehicles
Central Depository Services (India) Limited,CDSL,INE736A01011,Financial Services,Depositories Clearing Houses and Other Intermediaries
Gillette India Limited,GILLETTE,INE322A01010,Fast Moving Consumer Goods,Personal Care
Deepak Nitrite Limited,DEEPAKNTR,INE288B01029,Commodities,Specialty Chemicals
Acutaas Chemicals Limited,ACUTAAS,INE00FF01025,Healthcare,Pharmaceuticals
The Great Eastern Shipping Company Limited,GESHIP,INE017A01032,Services,Shipping
Kirloskar Oil Engines Limited,KIRLOSENG,INE146L01010,Industrials,Compressors Pumps & Diesel Engines
Tenneco Clean Air India Limited,TENNIND,INE19RI01016,Consumer Discretionary,Auto Components & Equipments
PTC Industries Limited,PTCIL,INE596F01018,Industrials,Other Industrial Products
CESC Limited,CESC,INE486A01021,Utilities,Integrated Power Utilities
Mtar Technologies Limited,MTARTECH,INE864I01014,Industrials,Other Electrical Equipment
Sai Life Sciences Limited,SAILIFE,INE570L01029,Healthcare,Pharmaceuticals
Apollo Tyres Limited,APOLLOTYRE,INE438A01022,Consumer Discretionary,Tyres & Rubber Products
Sumitomo Chemical India Limited,SUMICHEM,INE258G01013,Commodities,Pesticides & Agrochemicals
KIOCL Limited,KIOCL,INE880L01014,Commodities,Sponge Iron
Piramal Pharma Limited,PPLPHARMA,INE0DK501011,Healthcare,Pharmaceuticals
R R Kabel Limited,RRKABEL,INE777K01022,Industrials,Cables - Electricals
HFCL Limited,HFCL,INE548A01028,Telecommunication,Telecom - Infrastructure
Triveni Turbine Limited,TRITURBINE,INE152M01016,Industrials,Heavy Electrical Equipment
Data Patterns (India) Limited,DATAPATTNS,INE0IX101010,Industrials,Aerospace & Defense
HBL Engineering Limited,HBLENGINE,INE292B01021,Industrials,Other Industrial Products
Indraprastha Gas Limited,IGL,INE203G01027,Energy,LPG/CNG/PNG/LNG Supplier
Asahi India Glass Limited,ASAHIINDIA,INE439A01020,Consumer Discretionary,Auto Components & Equipments
AstraZeneca Pharma India Limited,ASTRAZEN,INE203A01020,Healthcare,Pharmaceuticals
Onesource Specialty Pharma Limited,ONESOURCE,INE013P01021,Healthcare,Pharmaceuticals
Pfizer Limited,PFIZER,INE182A01018,Healthcare,Pharmaceuticals
Neuland Laboratories Limited,NEULANDLAB,INE794A01010,Healthcare,Pharmaceuticals
Grindwell Norton Limited,GRINDWELL,INE536A01023,Industrials,Abrasives & Bearings
The Ramco Cements Limited,INDIACEM,INE383A01012,Commodities,Cement & Cement Products
Gujarat Mineral Development Corporation Limited,GMDCLTD,INE131A01031,Commodities,Industrial Minerals
Atul Limited,ATUL,INE100A01010,Commodities,Specialty Chemicals
Kaynes Technology India Limited,KAYNES,INE918Z01012,Industrials,Industrial Products
Hatsun Agro Product Limited,HATSUN,INE473B01035,Fast Moving Consumer Goods,Dairy Products
Aadhar Housing Finance Limited,AADHARHFC,INE883F01010,Financial Services,Housing Finance Company
Natco Pharma Limited,NATCOPHARM,INE987B01026,Healthcare,Pharmaceuticals
KPIT Technologies Limited,KPITTECH,INE04I401011,Information Technology,Computers - Software & Consulting
RBL Bank Limited,RBLBANK,INE976G01028,Financial Services,Private Sector Bank
Sun TV Network Limited,SUNTV,INE424H01027,Consumer Discretionary,TV Broadcasting & Software Production
EIH Limited,EIHOTEL,INE230A01023,Consumer Discretionary,Hotels & Resorts
Godawari Power And Ispat limited,GPIL,INE177H01039,Industrials,Iron & Steel Products
Affle 3i Limited,AFFLE,INE00WC01027,Information Technology,IT Enabled Services
Sarda Energy & Minerals Limited,SARDAEN,INE385C01021,Commodities,Iron & Steel
TD Power Systems Limited,TDPOWERSYS,INE419M01027,Industrials,Heavy Electrical Equipment
IIFL Finance Limited,IIFL,INE530B01024,Financial Services,Non Banking Financial Company (NBFC)
Syrma SGS Technology Limited,SYRMA,INE0DYJ01015,Industrials,Industrial Products
SAGILITY LIMITED,SAGILITY,INE0W2G01015,Information Technology,IT Enabled Services
Eris Lifesciences Limited,ERIS,INE406M01024,Healthcare,Pharmaceuticals
Computer Age Management Services Limited,CAMS,INE596I01020,Financial Services,Depositories Clearing Houses and Other Intermediaries
Granules India Limited,GRANULES,INE101D01020,Healthcare,Pharmaceuticals
Belrise Industries Limited,BELRISE,INE894V01022,Consumer Discretionary,Auto Components & Equipments
Syngene International Limited,SYNGENE,INE398R01022,Healthcare,Healthcare Research Analytics & Technology
Emami Limited,EMAMILTD,INE548C01032,Fast Moving Consumer Goods,Personal Care
Tata Chemicals Limited,TATACHEM,INE092A01019,Commodities,Commodity Chemicals
City Union Bank Limited,CUB,INE491A01021,Financial Services,Private Sector Bank
Urban Company Limited,URBANCO,INE0CAZ01013,Consumer Discretionary,E-Retail/ E-Commerce
Castrol India Limited,CASTROLIND,INE172A01027,Energy,Lubricants
Vardhman Textiles Limited,VTL,INE825A01020,Consumer Discretionary,Other Textile Products
Sammaan Capital Limited,SAMMAANCAP,INE148I01020,Financial Services,Housing Finance Company
Chambal Fertilizers & Chemicals Limited,CHAMBLFERT,INE085A01013,Commodities,Fertilizers
Capri Global Capital Limited,CIFL,INE345H01024,Financial Services,Non Banking Financial Company (NBFC)
Elgi Equipments Limited,ELGIEQUIP,INE285A01027,Industrials,Compressors Pumps & Diesel Engines
Kansai Nerolac Paints Limited,KANSAINER,INE531A01024,Consumer Discretionary,Paints
Anant Raj Limited,ANANTRAJ,INE242C01024,Consumer Discretionary,Residential Commercial Projects
Ratnamani Metals & Tubes Limited,IMFA,INE919H01018,Industrials,Iron & Steel Products
CIE Automotive India Limited,CIEINDIA,INE536H01010,Consumer Discretionary,Auto Components & Equipments
Chalet Hotels Limited,CHALET,INE427F01016,Consumer Discretionary,Hotels & Resorts
Sundram Fasteners Limited,SUNDRMFAST,INE387A01021,Consumer Discretionary,Auto Components & Equipments
Avanti Feeds Limited,AVANTIFEED,INE871C01038,Fast Moving Consumer Goods,Animal Feed
Sansera Engineering Limited,SANSERA,INE953O01021,Consumer Discretionary,Auto Components & Equipments
Aarti Industries Limited,AARTIIND,INE769A01020,Commodities,Specialty Chemicals
NAVA LIMITED,NAVA,INE725A01030,Utilities,Power Generation
DCM Shriram Limited,DCMSHRIRAM,INE499A01024,Diversified,Diversified
Redington Limited,REDINGTON,INE891D01026,Services,Trading & Distributors
Bharat Coking Coal Limited,BHARATCOAL,INE05XR01022,Energy,Coal
Deepak Fertilizers and Petrochemicals Corporation Limited,DEEPAKFERT,INE501A01019,Commodities,Commodity Chemicals
JSW Cement Limited,JSWCEMENT,INE718I01012,Commodities,Cement & Cement Products
Acme Solar Holdings Limited,ACMESOLAR,INE622W01025,Utilities,Power Generation
Pine Labs Limited,PINELABS,INE15B701018,Financial Services,Financial Technology (Fintech)
Kajaria Ceramics Limited,KAJARIACER,INE217B01036,Consumer Discretionary,Ceramics
Century Plyboards (India) Limited,CENTURYPLY,INE348B01021,Consumer Discretionary,Plywood Boards/ Laminates
Black Box Limited,BBOX,INE676A01027,Information Technology,IT Enabled Services
IFCI Limited,IFCI,INE039A01010,Financial Services,Financial Institution
Inox Wind Limited,INOXWIND,INE066P01011,Industrials,Heavy Electrical Equipment
Bikaji Foods International Limited,BIKAJI,INE00E101023,Fast Moving Consumer Goods,Packaged Foods
Brigade Enterprises Limited,BRIGADE,INE791I01019,Consumer Discretionary,Residential Commercial Projects
Cupid Limited,CUPID,INE509F01029,Fast Moving Consumer Goods,Personal Care
Finolex Cables Limited,FINCABLES,INE235A01022,Industrials,Cables - Electricals
Zydus Wellness Limited,ZYDUSWELL,INE768C01028,Fast Moving Consumer Goods,Packaged Foods
Gabriel India Limited,GABRIEL,INE524A01029,Consumer Discretionary,Auto Components & Equipments
Jubilant Pharmova Limited,JUBLPHARMA,INE700A01033,Healthcare,Pharmaceuticals
Gallantt Ispat Limited,GALLANTT,INE297H01019,Industrials,Iron & Steel Products
Rubicon Research Limited,RUBICON,INE506V01022,Healthcare,Pharmaceuticals
Fractal Analytics Limited,FRACTAL,INE212S01015,Information Technology,Computers - Software & Consulting
BASF India Limited,BASF,INE373A01013,Commodities,Specialty Chemicals
Ola Electric Mobility Limited,OLAELEC,INE0LXG01040,Consumer Discretionary,2/3 Wheelers
Anupam Rasayan India Limited,ANURAS,INE930P01018,Commodities,Specialty Chemicals
BEML Limited,BEML,INE258A01024,Industrials,Construction Vehicles
Niva Bupa Health Insurance Company Limited,NIVABUPA,INE995S01015,Financial Services,General Insurance
Poly Medicure Limited,POLYMED,INE205C01021,Healthcare,Medical Equipment & Supplies
Shipping Corporation Of India Limited,SCI,INE109A01011,Services,Shipping
Caplin Point Laboratories Limited,CAPLIPOINT,INE475E01026,Healthcare,Pharmaceuticals
The Jammu & Kashmir Bank Limited,J&KBANK,INE168A01041,Financial Services,Private Sector Bank
JBM Auto Limited,JBMA,INE927D01051,Consumer Discretionary,Auto Components & Equipments
Chennai Petroleum Corporation Limited,CHENNPETRO,INE178A01016,Energy,Refineries & Marketing
LMW Limited,LMW,INE269B01029,Industrials,Industrial Products
Amara Raja Energy & Mobility Limited,ARE&M,INE885A01032,Consumer Discretionary,Auto Components & Equipments
Choice International Limited,CHOICEIN,INE102B01014,Financial Services,Holding Company
Cemindia Projects Limited,CEMPRO,INE686A01026,Industrials,Civil Construction
Techno Electric & Engineering Company Limited,TECHNOE,INE285K01026,Industrials,Civil Construction
Sobha Limited,SOBHA,INE671H01015,Consumer Discretionary,Residential Commercial Projects
Allied Blenders and Distillers Limited,ABDL,INE552Z01027,Fast Moving Consumer Goods,Breweries & Distilleries
CCL Products (India) Limited,CCL,INE421D01022,Fast Moving Consumer Goods,Tea & Coffee
Graphite India Limited,GRAPHITE,INE371A01025,Industrials,Electrodes & Refractories
Alembic Pharmaceuticals Limited,APLLTD,INE901L01018,Healthcare,Pharmaceuticals
Ventive Hospitality Limited,VENTIVE,INE781S01027,Consumer Discretionary,Hotels & Resorts
Zen Technologies Limited,ZENTEC,INE251B01027,Industrials,Aerospace & Defense
Shriram Pistons & Rings Limited,SHRIPISTON,INE526E01018,Consumer Discretionary,Auto Components & Equipments
eClerx Services Limited,ECLERX,INE738I01010,Services,Business Process Outsourcing (BPO)/ Knowledge Process Outsourcing (KPO)
Aether Industries Limited,AETHER,INE0BWX01014,Commodities,Specialty Chemicals
Ksb Limited,KSB,INE999A01023,Industrials,Compressors Pumps & Diesel Engines
Devyani International Limited,DEVYANI,INE872J01023,Consumer Discretionary,Restaurants
Usha Martin Limited,USHAMART,INE228A01035,Industrials,Iron & Steel Products
Clean Max Enviro Energy Solutions Limited,CLEANMAX,INE647U01026,Utilities,Power Generation
Kfin Technologies Limited,KFINTECH,INE138Y01010,Financial Services,Depositories Clearing Houses and Other Intermediaries
Fine Organic Industries Limited,FINEORG,INE686Y01026,Commodities,Specialty Chemicals
Jindal Saw Limited,JINDALSAW,INE324A01032,Industrials,Iron & Steel Products
EID Parry India Limited,EIDPARRY,INE126A01031,Fast Moving Consumer Goods,Other Food Products
LT Foods Limited,LTFOODS,INE818H01020,Fast Moving Consumer Goods,Other Agricultural Products
Ingersoll Rand (India) Limited,INGERRAND,INE177A01018,Industrials,Compressors Pumps & Diesel Engines
Aequs Limited,AEQUS,INE947N01017,Industrials,Aerospace & Defense
JSW Holdings Limited,JSWHL,INE824G01012,Financial Services,Investment Company
Travel Food Services Limited,TRAVELFOOD,INE103V01028,Consumer Discretionary,Restaurants
Welspun Living Limited,WELSPUNLIV,INE192B01031,Consumer Discretionary,Other Textile Products
Vinati Organics Limited,VINATIORGA,INE410B01037,Commodities,Specialty Chemicals
Happy Forgings Limited,HAPPYFORGE,INE330T01021,Industrials,Castings & Forgings
Leela Palaces Hotels & Resorts Limited,THELEELA,INE0AQ201015,Consumer Discretionary,Hotels & Resorts
DOMS Industries Limited,DOMS,INE321T01012,Fast Moving Consumer Goods,Stationary
INOX India Limited,INOXINDIA,INE616N01034,Industrials,Other Industrial Products
Engineers India Limited,ENGINERSIN,INE510A01028,Industrials,Civil Construction
Ircon International Limited,IRCON,INE962Y01021,Industrials,Civil Construction
Jain Resource Recycling Limited,JAINREC,INE0YD401026,Commodities,Diversified Metals
Maharashtra Scooters Limited,MAHSCOOTER,INE288A01013,Financial Services,Investment Company
V-Guard Industries Limited,VGUARD,INE951I01027,Consumer Discretionary,Household Appliances
PG Electroplast Limited,PGEL,INE457L01029,Consumer Discretionary,Consumer Electronics
JSW Dulux Limited,JSWDULUX,INE133A01011,Consumer Discretionary,Paints
Canara HSBC Life Insurance Company Limited,CANHLIFE,INE01TY01017,Financial Services,Life Insurance
Azad Engineering Limited,AZAD,INE02IJ01035,Industrials,Heavy Electrical Equipment
Alivus Life Sciences Limited,ALIVUS,INE03Q201024,Healthcare,Pharmaceuticals
NMDC Steel Limited,NSLNISP,INE0NNS01018,Commodities,Iron & Steel
Supreme Petrochem Limited,SPLPETRO,INE663A01033,Commodities,Petrochemicals
TBO Tek Limited,TBOTEK,INE673O01025,Consumer Discretionary,Tour Travel Related Services
Jaiprakash Power Ventures Limited,JPPOWER,INE351F01018,Utilities,Power Generation
Garware Hi-Tech Films Limited,GARFIBRES,INE276A01018,Industrials,Plastic Products - Industrial
CEAT Limited,CEATLTD,INE482A01020,Consumer Discretionary,Tyres & Rubber Products
Apollo Micro Systems Limited,APOLLO,INE713T01028,Industrials,Aerospace & Defense
Paradeep Phosphates Limited,PARADEEP,INE088F01024,Commodities,Fertilizers
KEC International Limited,KEC,INE389H01022,Industrials,Civil Construction
Privi Speciality Chemicals Limited,PRIVISCL,INE959A01019,Commodities,Specialty Chemicals
Arvind Limited,ARVIND,INE034A01011,Consumer Discretionary,Garments & Apparels
Atlanta Electricals Limited,ATLANTAELE,INE0Z4F01028,Industrials,Heavy Electrical Equipment
Trident Limited,TRIDENT,INE064C01022,Consumer Discretionary,Other Textile Products
JM Financial Limited,JMFINANCIL,INE780C01023,Financial Services,Holding Company
Minda Corporation Limited,MINDACORP,INE842C01021,Consumer Discretionary,Auto Components & Equipments
The India Cements Limited,INDIACEM,INE383A01012,Commodities,Cement & Cement Products
Indegene Limited,INDGN,INE065X01017,Healthcare,Healthcare Research Analytics & Technology
Jubilant Ingrevia Limited,JUBLINGREA,INE0BY001018,Commodities,Specialty Chemicals
UTI Asset Management Company Limited,UTIAMC,INE094J01016,Financial Services,Asset Management Company
Indiamart Intermesh Limited,INDIAMART,INE933S01016,Consumer Discretionary,Internet & Catalogue Retail
Brainbees Solutions Limited,FIRSTCRY,INE02RE01045,Consumer Discretionary,E-Retail/ E-Commerce
Shadowfax Technologies Limited,SHADOWFAX,INE12UN01015,Services,Logistics Solution Provider
Gravita India Limited,GRAVITA,INE024L01027,Commodities,Industrial Minerals
Tega Industries Limited,TEGA,INE011K01018,Industrials,Industrial Products
Jupiter Wagons Limited,JWL,INE209L01016,Industrials,Railway Wagons
Concord Biotech Limited,CONCORDBIO,INE338H01029,Healthcare,Pharmaceuticals
Signatureglobal (India) Limited,SIGNATURE,INE903U01023,Consumer Discretionary,Residential Commercial Projects
HEG Limited,HEG,INE545A01024,Industrials,Electrodes & Refractories
Medplus Health Services Limited,MEDPLUS,INE804L01022,Consumer Discretionary,Pharmacy Retail
Blue Dart Express Limited,BLUEDART,INE233B01017,Services,Logistics Solution Provider
Honasa Consumer Limited,HONASA,INE0J5401028,Fast Moving Consumer Goods,Personal Care
Reliance Power Limited,RPOWER,INE614G01033,Utilities,Power Generation
PCBL Chemical Limited,PCBL,INE602A01031,Commodities,Carbon Black
Elecon Engineering Company Limited,ELECON,INE205B01031,Industrials,Heavy Electrical Equipment
Godrej Agrovet Limited,GODREJAGRO,INE850D01014,Fast Moving Consumer Goods,Animal Feed
Nuvoco Vistas Corporation Limited,NUVOCO,INE118D01016,Commodities,Cement & Cement Products
Home First Finance Company India Limited,HOMEFIRST,INE481N01025,Financial Services,Housing Finance Company
Can Fin Homes Limited,CANFINHOME,INE477A01020,Financial Services,Housing Finance Company
Zensar Technologies Limited,ZENSARTECH,INE520A01027,Information Technology,Computers - Software & Consulting
Sandur Manganese & Iron Ores Limited,SANDUMA,INE149K01016,Energy,Coal
Whirlpool of India Limited,WHIRLPOOL,INE716A01013,Consumer Discretionary,Household Appliances
Astra Microwave Products Limited,ASTRAMICRO,INE386C01029,Industrials,Aerospace & Defense
Park Medi World Limited,PARKHOSPS,INE119201023,Healthcare,Hospital
Lumax Auto Technologies Limited,LUMAXTECH,INE872H01027,Consumer Discretionary,Auto Components & Equipments
Tamilnad Mercantile Bank Limited,TMB,INE668A01016,Financial Services,Private Sector Bank
Sanofi Consumer Healthcare India Limited,SANOFICONR,INE0UOS01011,Healthcare,Pharmaceuticals
Balrampur Chini Mills Limited,BALRAMCHIN,INE119A01028,Fast Moving Consumer Goods,Sugar
Viyash Scientific Limited,VIYASH,INE807F01027,Healthcare,Pharmaceuticals
Aavas Financiers Limited,AAVAS,INE216P01012,Financial Services,Housing Finance Company
The South Indian Bank Limited,SOUTHBANK,INE683A01023,Financial Services,Private Sector Bank
Nazara Technologies Limited,NAZARA,INE418L01047,Consumer Discretionary,Digital Entertainment
IIFL Capital Services Limited,CIFL,INE345H01024,Financial Services,Stockbroking & Allied
Tilaknagar Industries Limited,TI,INE133E01013,Fast Moving Consumer Goods,Breweries & Distilleries
The Bombay Burmah Trading Corporation Limited,BBTC,INE050A01025,Fast Moving Consumer Goods,Packaged Foods
Mahanagar Gas Limited,MGL,INE002S01010,Energy,LPG/CNG/PNG/LNG Supplier
CORONA Remedies Limited,CORONA,INE02ZQ01018,Healthcare,Pharmaceuticals
Jayaswal Neco Industries Limited,JAYNECOIND,INE854B01010,Industrials,Iron & Steel Products
Finolex Industries Limited,FINPIPE,INE183A01024,Industrials,Plastic Products - Industrial
Esab India Limited,ESABINDIA,INE284A01012,Industrials,Other Industrial Products
Strides Pharma Science Limited,STAR,INE939A01011,Healthcare,Pharmaceuticals
Ujjivan Small Finance Bank Limited,UJJIVANSFB,INE551W01018,Financial Services,Other Bank
Vedant Fashions Limited,MANYAVAR,INE825V01034,Consumer Discretionary,Speciality Retail
Lloyds Enterprises Limited,LLOYDSENT,INE080I01025,Commodities,Trading - Metals
Railtel Corporation Of India Limited,RAILTEL,INE0DD101019,Telecommunication,Other Telecom Services
Diamond Power Infrastructure Limited,DIACABS,INE989C01038,Industrials,Other Electrical Equipment
TITAGARH RAIL SYSTEMS LIMITED,TITAGARH,INE615H01020,Industrials,Railway Wagons
The Karnataka Bank Limited,KTKBANK,INE614B01018,Financial Services,Private Sector Bank
Ramkrishna Forgings Limited,RKFORGE,INE399G01023,Consumer Discretionary,Auto Components & Equipments
SBFC Finance Limited,SBFC,INE423Y01016,Financial Services,Non Banking Financial Company (NBFC)
SWAN CORP LIMITED,SWANCORP,INE665A01038,Commodities,Petrochemicals
Olectra Greentech Limited,OLECTRA,INE260D01016,Consumer Discretionary,Passenger Cars & Utility Vehicles
Cyient Limited,CYIENT,INE136B01020,Information Technology,IT Enabled Services
RITES Limited,RITES,INE320J01015,Industrials,Civil Construction
Waaree Renewable Technologies Limited,IREDA,INE202E01016,Industrials,Other Electrical Equipment
Avalon Technologies Limited,AVALON,INE0LCL01028,Industrials,Other Electrical Equipment
Intellect Design Arena Limited,INTELLECT,INE306R01017,Information Technology,Computers - Software & Consulting
Marksans Pharma Limited,MARKSANS,INE750C01026,Healthcare,Pharmaceuticals
PVR INOX Limited,PVRINOX,INE191H01014,Consumer Discretionary,Film Production Distribution & Exhibition
Vesuvius India Limited,VESUVIUS,INE386A01023,Industrials,Electrodes & Refractories
MMTC Limited,MMTC,INE123F01029,Services,Trading & Distributors
Genus Power Infrastructures Limited,GENUSPOWER,INE955D01029,Industrials,Other Electrical Equipment
NCC Limited,NCC,INE868B01028,Industrials,Civil Construction
BLACKBUCK LIMITED,BLACKBUCK,INE0UIZ01018,Services,Transport Related Services
Shilpa Medicare Limited,SHILPAMED,INE790G01031,Healthcare,Pharmaceuticals
Healthcare Global Enterprises Limited,HCG,INE075I01017,Healthcare,Hospital
Transformers And Rectifiers (India) Limited,TARIL,INE763I01026,Industrials,Heavy Electrical Equipment
TSF INVESTMENTS LIMITED,TSFINV,INE202Z01029,Financial Services,Investment Company
Eureka Forbes Limited,EUREKAFORB,INE0KCE01017,Consumer Discretionary,Household Appliances
G R Infraprojects Limited,GRINFRA,INE201P01022,Industrials,Civil Construction
Alkyl Amines Chemicals Limited,ALKYLAMINE,INE150B01039,Commodities,Specialty Chemicals
Procter & Gamble Health Limited,PGHL,INE199A01012,Healthcare,Pharmaceuticals
SEDEMAC Mechatronics Limited,SEDEMAC,INE00XB01019,Consumer Discretionary,Auto Components & Equipments
BIRLASOFT LIMITED,BSOFT,INE836A01035,Information Technology,Computers - Software & Consulting
Bata India Limited,BATAINDIA,INE176A01028,Consumer Discretionary,Footwear
Star Cement Limited,STARCEMENT,INE460H01021,Commodities,Cement & Cement Products
Lemon Tree Hotels Limited,LEMONTREE,INE970X01018,Consumer Discretionary,Hotels & Resorts
Amagi Media Labs Limited,AMAGI,INE121R01077,Information Technology,IT Enabled Services
Orkla India Limited,ORKLAINDIA,INE16NZ01023,Fast Moving Consumer Goods,Other Food Products
GMR Power and Urban Infra Limited,GMRP&UI,INE0CU601026,Utilities,Power Generation
ASK Automotive Limited,ASKAUTOLTD,INE491J01022,Consumer Discretionary,Auto Components & Equipments
Nesco Limited,NESCO,INE317F01035,Services,Diversified Commercial Services
VA Tech Wabag Limited,WABAG,INE956G01038,Utilities,Water Supply & Management
AXISCADES Technologies Limited,AXISCADES,INE555B01013,Industrials,Aerospace & Defense
Varroc Engineering Limited,VARROC,INE665L01035,Consumer Discretionary,Auto Components & Equipments
Maharashtra Seamless Limited,MAHSEAMLES,INE271B01025,Industrials,Iron & Steel Products
Cartrade Tech Limited,CARTRADE,INE290S01011,Consumer Discretionary,E-Retail/ E-Commerce
KPI Green Energy Limited,KPIGREEN,INE542W01025,Utilities,Power Generation
Tips Music Limited,TIPSMUSIC,INE716B01029,Consumer Discretionary,Media & Entertainment
Time Technoplast Limited,TIMETECHNO,INE508G01029,Industrials,Plastic Products - Industrial
Cello World Limited,CELLO,INE0LMW01024,Consumer Discretionary,Houseware
Banco Products (I) Limited,BANCOINDIA,INE213C01025,Consumer Discretionary,Auto Components & Equipments
SKF India Limited,SKFINDIA,INE640A01023,Consumer Discretionary,Auto Components & Equipments
V2 Retail Limited,V2RETAIL,INE945H01021,Consumer Discretionary,Speciality Retail
Fujiyama Power Systems Limited,UTLSOLAR,INE12UR01024,Industrials,Other Electrical Equipment
Tejas Networks Limited,TEJASNET,INE010J01012,Telecommunication,Telecom - Equipment & Accessories
Triveni Engineering & Industries Limited,TRIVENI,INE256C01024,Fast Moving Consumer Goods,Sugar
Jeena Sikho Lifecare Limited,JSLL,INE0J5801029,Consumer Discretionary,Wellness
Kama Holdings Limited,KAMAHOLD,INE411F01010,Diversified,Diversified
Sharda Cropchem Limited,SHARDACROP,INE221J01015,Commodities,Pesticides & Agrochemicals
Manorama Industries Limited,MANORAMA,INE00VM01036,Fast Moving Consumer Goods,Other Food Products
Clean Science and Technology Limited,CLEAN,INE227W01023,Commodities,Specialty Chemicals
Akums Drugs and Pharmaceuticals Limited,AKUMS,INE09XN01023,Healthcare,Pharmaceuticals
RHI MAGNESITA INDIA LIMITED,RHIM,INE743M01012,Industrials,Electrodes & Refractories
Rategain Travel Technologies Limited,RATEGAIN,INE0CLI01024,Information Technology,Computers - Software & Consulting
Isgec Heavy Engineering Limited,ISGEC,INE858B01029,Industrials,Civil Construction
Power Mech Projects Limited,POWERMECH,INE211R01019,Industrials,Civil Construction
SG Mart Limited,SGMART,INE385F01024,Commodities,Trading - Metals
Saregama India Limited,SAREGAMA,INE979A01025,Consumer Discretionary,Media & Entertainment
Birla Corporation Limited,BIRLACORPN,INE340A01012,Commodities,Cement & Cement Products
JK Lakshmi Cement Limited,JKLAKSHMI,INE786A01032,Commodities,Cement & Cement Products
Blue Jet Healthcare Limited,BLUEJET,INE0KBH01020,Healthcare,Pharmaceuticals
Safari Industries (India) Limited,SAFARI,INE429E01023,Consumer Discretionary,Plastic Products - Consumer
Indian Metals & Ferro Alloys Limited,IMFA,INE919H01018,Commodities,Ferro & Silica Manganese
Jyothy Labs Limited,JYOTHYLAB,INE668F01031,Fast Moving Consumer Goods,Household Products
KRBL Limited,KRBL,INE001B01026,Fast Moving Consumer Goods,Other Agricultural Products
Mishra Dhatu Nigam Limited,MIDHANI,INE099Z01011,Industrials,Aerospace & Defense
Sudeep Pharma Limited,SUDEEPPHRM,INE0QPI01025,Commodities,Specialty Chemicals
Sonata Software Limited,SONATSOFTW,INE269A01021,Information Technology,Computers - Software & Consulting
Thyrocare Technologies Limited,THYROCARE,INE594H01019,Healthcare,Healthcare Service Provider
Pearl Global Industries Limited,PGIL,INE940H01022,Consumer Discretionary,Garments & Apparels
Gujarat Narmada Valley Fertilizers and Chemicals Limited,GNFC,INE113A01013,Commodities,Commodity Chemicals
TTK Prestige Limited,TTKPRESTIG,INE690A01028,Consumer Discretionary,Household Appliances
Sanofi India Limited,SANOFI,INE058A01010,Healthcare,Pharmaceuticals
Relaxo Footwears Limited,RELAXO,INE131B01039,Consumer Discretionary,Footwear
Inox Green Energy Services Limited,INOXGREEN,INE510W01014,Services,Diversified Commercial Services
Elantas Beck India Limited,ELANTAS,INE280B01018,Commodities,Specialty Chemicals
Powerica Limited,POWERICA,INE921L01032,Industrials,Heavy Electrical Equipment
Le Travenues Technology Limited,IXIGO,INE0HV901016,Consumer Discretionary,Tour Travel Related Services
Dynamatic Technologies Limited,DYNAMATECH,INE221B01012,Industrials,Industrial Products
Bajaj Consumer Care Limited,BAJAJCON,INE933K01021,Fast Moving Consumer Goods,Personal Care
Campus Activewear Limited,CAMPUS,INE278Y01022,Consumer Discretionary,Footwear
Vikram Solar Limited,VIKRAMSOLR,INE078V01014,Industrials,Other Electrical Equipment
Kirloskar Ferrous Industries Limited,KIRLOSIND,INE250A01039,Commodities,Pig Iron
BOROSIL RENEWABLES LIMITED,BOROLTD,INE02PY01013,Industrials,Glass - Industrial
Suven Life Sciences Limited,SUVEN,INE495B01038,Healthcare,Healthcare Research Analytics & Technology
Kingfa Science & Technology (India) Limited,KINGFA,INE473D01015,Industrials,Plastic Products - Industrial
Redtape Limited,REDTAPE,INE0LXT01019,Consumer Discretionary,Footwear
Bengal & Assam Company Limited,BENGALASM,INE083K01017,Financial Services,Non Banking Financial Company (NBFC)
Praj Industries Limited,PRAJIND,INE074A01025,Industrials,Industrial Products
Gujarat State Fertilizers & Chemicals Limited,GSFC,INE026A01025,Commodities,Fertilizers
Sudarshan Chemical Industries Limited,SCI,INE109A01011,Commodities,Dyes And Pigments
Dilip Buildcon Limited,DBL,INE917M01012,Industrials,Civil Construction
Shreeji Shipping Global Limited,SHETHJI,INE1FL101016,Services,Shipping
E2E Networks Limited,E2E,INE255Z01019,Information Technology,IT Enabled Services
JK Paper Limited,JKPAPER,INE789E01012,Commodities,Paper & Paper Products
Rashtriya Chemicals and Fertilizers Limited,RCF,INE027A01015,Commodities,Fertilizers
EPL Limited,EPL,INE255A01020,Industrials,Packaging
Tanla Platforms Limited,TANLA,INE483C01032,Information Technology,Software Products
Transport Corporation of India Limited,TCI,INE688A01022,Services,Logistics Solution Provider
Sri Lotus Developers and Realty Limited,LOTUSDEV,INE0V9Q01010,Consumer Discretionary,Residential Commercial Projects
Gokul Agro Resources Limited,GOKULAGRO,INE314T01033,Fast Moving Consumer Goods,Edible Oil
Aditya Vision Limited,AVL,INE679V01027,Consumer Discretionary,Speciality Retail
India Glycols Limited,INDIAGLYCO,INE560A01023,Fast Moving Consumer Goods,Breweries & Distilleries
Transrail Lighting Limited,TRANSRAILL,INE454P01035,Industrials,Heavy Electrical Equipment
Latent View Analytics Limited,LATENTVIEW,INE0I7C01011,Information Technology,Computers - Software & Consulting
WeWork India Management Limited,WEWORK,INE085001019,Services,Diversified Commercial Services
Max Estates Limited,MAXESTATES,INE03EI01018,Consumer Discretionary,Residential Commercial Projects
Kalpataru Limited,KPIL,INE220B01022,Consumer Discretionary,Residential Commercial Projects
PC Jeweller Limited,PCJEWELLER,INE785M01021,Consumer Discretionary,Gems Jewellery And Watches
Pricol Limited,PRICOLLTD,INE726V01018,Consumer Discretionary,Auto Components & Equipments
Ajax Engineering Limited,AJAXENGG,INE274Y01021,Industrials,Construction Vehicles
Sunflag Iron And Steel Company Limited,SIS,INE285J01028,Industrials,Iron & Steel Products
Archean Chemical Industries Limited,ACI,INE128X01021,Commodities,Specialty Chemicals
Sheela Foam Limited,SFL,INE916U01025,Consumer Discretionary,Furniture Home Furnishing
Paras Defence and Space Technologies Limited,PARAS,INE045601023,Industrials,Aerospace & Defense
Newgen Software Technologies Limited,NEWGEN,INE619B01017,Information Technology,Computers - Software & Consulting
S.J.S. Enterprises Limited,SJS,INE284S01014,Consumer Discretionary,Auto Components & Equipments
Shakti Pumps (India) Limited,SHAKTIPUMP,INE908D01010,Industrials,Compressors Pumps & Diesel Engines
Ethos Limited,ETHOSLTD,INE04TZ01018,Consumer Discretionary,Gems Jewellery And Watches
Hindustan Foods Limited,HNDFDS,INE254N01026,Fast Moving Consumer Goods,Diversified FMCG
Dodla Dairy Limited,DODLA,INE021O01019,Fast Moving Consumer Goods,Dairy Products
CSB Bank Limited,CSBBANK,INE679A01013,Financial Services,Private Sector Bank
Kennametal India Limited,KENNAMET,INE717A01029,Industrials,Industrial Products
Indo Count Industries Limited,ICIL,INE483B01026,Consumer Discretionary,Other Textile Products
Alok Industries Limited,ALOKINDS,INE270A01029,Consumer Discretionary,Other Textile Products
Ashapura Minechem Limited,ASHAPURMIN,INE348A01023,Commodities,Industrial Minerals
MOIL Limited,MOIL,INE490G01020,Commodities,Industrial Minerals
Balaji Amines Limited,BALAMINES,INE050E01027,Commodities,Specialty Chemicals
Kwality Wall's (India) Limited,KWIL,INE2KCE01013,Fast Moving Consumer Goods,Dairy Products
Nephrocare Health Services Limited,NEPHROPLUS,INE428V01029,Healthcare,Healthcare Service Provider
Technocraft Industries (India) Limited,TIIL,INE545H01011,Industrials,Iron & Steel Products
Prism Johnson Limited,PRSMJOHNSN,INE010A01011,Commodities,Cement & Cement Products
Greenlam Industries Limited,GREENLAM,INE544R01021,Consumer Discretionary,Plywood Boards/ Laminates
GANESH HOUSING LIMITED,GANESHHOU,INE460C01014,Consumer Discretionary,Residential Commercial Projects
Supriya Lifescience Limited,SUPRIYA,INE07RO01027,Healthcare,Pharmaceuticals
Kovai Medical Center & Hospital Limited,KOVAI,INE177F01017,HEALTHCARE,HOSPITAL
PTC India Limited,PTC,INE877F01012,Utilities,Power Trading
FDC Limited,FDC,INE258B01022,Healthcare,Pharmaceuticals
Suprajit Engineering Limited,SUPRAJIT,INE399C01030,Consumer Discretionary,Auto Components & Equipments
Arvind Fashions Limited,ARVINDFASN,INE955V01021,Consumer Discretionary,Speciality Retail
Sapphire Foods India Limited,SAPPHIRE,INE806T01020,Consumer Discretionary,Restaurants
DCB Bank Limited,DCBBANK,INE503A01015,Financial Services,Private Sector Bank
Balu Forge Industries Limited,BALUFORGE,INE011E01029,Industrials,Castings & Forgings
ION Exchange (India) Limited,IONEXCHANG,INE570A01022,Utilities,Water Supply & Management
Ceigall India Limited,CEIGALL,INE0AG901020,Industrials,Civil Construction
Fiem Industries Limited,FIEMIND,INE737H01014,Consumer Discretionary,Auto Components & Equipments
Senco Gold Limited,SENCO,INE602W01027,Consumer Discretionary,Gems Jewellery And Watches
PNC Infratech Limited,PNCINFRA,INE195J01029,Industrials,Civil Construction
Happiest Minds Technologies Limited,HMT,INE262A01018,Information Technology,Computers - Software & Consulting
Piccadily Agro Industries Limited,PICCADIL,INE546C01010,Fast Moving Consumer Goods,Breweries & Distilleries
SIS LIMITED,SIS,INE285J01028,Consumer Discretionary,Other Consumer Services
Mrs. Bectors Food Specialities Limited,BECTORFOOD,INE495P01020,Fast Moving Consumer Goods,Packaged Foods
Epigral Limited,EPIGRAL,INE071N01016,Commodities,Specialty Chemicals
Nirlon Limited,NIRLON,INE910A01012,Services,Diversified Commercial Services
SML Mahindra Limited,SMLMAH,INE294B01019,Industrials,Commercial Vehicles
Saatvik Green Energy Limited,SAATVIKGL,INE13B501022,Industrials,Other Electrical Equipment
Hindustan Construction Company Limited,HCC,INE549A01026,Industrials,Civil Construction
Rain Industries Limited,RAIN,INE855B01025,Commodities,Petrochemicals
Gujarat Alkalies and Chemicals Limited,GUJALKALI,INE186A01019,Commodities,Commodity Chemicals
Ahluwalia Contracts (India) Limited,AHLUCONT,INE758C01029,Industrials,Civil Construction
Puravankara Limited,PURVA,INE323I01011,Consumer Discretionary,Residential Commercial Projects
Dhanuka Agritech Limited,DHANUKA,INE435G01025,Commodities,Pesticides & Agrochemicals
Skipper Limited,SKIPPER,INE439E01022,Industrials,Heavy Electrical Equipment
ICRA Limited,ICRA,INE725G01011,Financial Services,Ratings
Sharda Motor Industries Limited,SHARDAMOTR,INE597I01028,Consumer Discretionary,Auto Components & Equipments
CARE Ratings Limited,CARERATING,INE752H01013,Financial Services,Ratings
Omnitech Engineering Limited,OMNI,INE0UH301010,Industrials,Industrial Products
Surya Roshni Limited,SURYAROSNI,INE335A01020,Industrials,Iron & Steel Products
TVS Supply Chain Solutions Limited,TVSSCS,INE395N01027,Services,Logistics Solution Provider
Senores Pharmaceuticals Limited,SENORES,INE0RB801010,Healthcare,Pharmaceuticals
GNG Electronics Limited,EBGNG,INE18JU01028,Information Technology,Computers Hardware & Equipments
Lumax Industries Limited,LUMAXIND,INE162B01018,Consumer Discretionary,Auto Components & Equipments
Knowledge Marine & Engineering Works Limited,KMEW,INE0CJD01029,Services,Dredging
Aeroflex Industries Limited,AEROFLEX,INE024001021,Industrials,Iron & Steel Products
V-Mart Retail Limited,VMART,INE665J01013,Consumer Discretionary,Diversified Retail
C.E. Info Systems Limited,MAPMYINDIA,INE0BV301023,Information Technology,Software Products
Mastek Limited,MASTEK,INE759A01021,Information Technology,Computers - Software & Consulting
CMS Info Systems Limited,CMSINFO,INE925R01014,Services,Diversified Commercial Services
Pilani Investment and Industries Corporation Limited,PILANIINVS,INE417C01014,Financial Services,Investment Company
Gokaldas Exports Limited,GOKEX,INE887G01027,Consumer Discretionary,Garments & Apparels
Bansal Wire Industries Limited,BANSALWIRE,INE0B9K01025,Industrials,Iron & Steel Products
LG Balakrishnan & Bros Limited,LGBBROSLTD,INE337A01034,Consumer Discretionary,Auto Components & Equipments
Innova Captab Limited,INNOVACAP,INE0DUT01020,Healthcare,Pharmaceuticals
Network18 Media & Investments Limited,NETWORK18,INE870H01013,Consumer Discretionary,Media & Entertainment
RattanIndia Power Limited,RTNPOWER,INE399K01017,Utilities,Power Generation
Keystone Realtors Limited,RUSTOMJEE,INE263M01029,Consumer Discretionary,Residential Commercial Projects
Symphony Limited,SYMPHONY,INE225D01027,Consumer Discretionary,Household Appliances
Rallis India Limited,RALLIS,INE613A01020,Commodities,Pesticides & Agrochemicals
AvenuesAI Limited,CCAVENUE,INE483S01020,Financial Services,Financial Technology (Fintech)
Agi Infra Limited,AGIIL,INE976R01033,Consumer Discretionary,Residential Commercial Projects
Midwest Limited,MIDWESTLTD,INE0XAD01024,Consumer Discretionary,Granites & Marbles
Goodluck India Limited,GOODLUCK,INE127I01024,Industrials,Iron & Steel Products
Shilchar Technologies Limited,SHILCTECH,INE024F01011,Industrials,Heavy Electrical Equipment
Canara Robeco Asset Management Company Limited,CRAMC,INE218I01013,Financial Services,Asset Management Company
Kaveri Seed Company Limited,KSCL,INE455I01029,Fast Moving Consumer Goods,Other Agricultural Products
Unimech Aerospace and Manufacturing Limited,UNIMECH,INE0U3I01011,Industrials,Aerospace & Defense
Datamatics Global Services Limited,DATAMATICS,INE365B01017,Information Technology,IT Enabled Services
Centum Electronics Limited,CENTUM,INE320B01020,Industrials,Aerospace & Defense
Websol Energy System Limited,WEBELSOLAR,INE855C01023,Industrials,Other Electrical Equipment
GE Power India Limited,GVPIL,INE878A01011,Industrials,Heavy Electrical Equipment
Indigo Paints Limited,INDIGOPNTS,INE09VQ01012,Consumer Discretionary,Paints
Subros Limited,SUBROS,INE287B01021,Industrials,Other Industrial Products
Wakefit Innovations Limited,WAKEFIT,INE0E7301029,Consumer Discretionary,Furniture Home Furnishing
Stylam Industries Limited,STYLAMIND,INE239C01020,Consumer Discretionary,Plywood Boards/ Laminates
Neogen Chemicals Limited,NEOGEN,INE136S01016,Commodities,Specialty Chemicals
KSH International Limited,KSHINTL,INE987S01020,Industrials,Aluminium Copper & Zinc Products
Sterling and Wilson Renewable Energy Limited,IREDA,INE202E01016,Industrials,Civil Construction
Northern Arc Capital Limited,CIFL,INE345H01024,Financial Services,Non Banking Financial Company (NBFC)
Jamna Auto Industries Limited,JAMNAAUTO,INE039C01032,Consumer Discretionary,Auto Components & Equipments
Aurionpro Solutions Limited,AURIONPRO,INE132H01018,Information Technology,Computers - Software & Consulting
Juniper Hotels Limited,JUNIPER,INE696F01016,Consumer Discretionary,Hotels & Resorts
Swaraj Engines Limited,SWARAJENG,INE277A01016,Industrials,Compressors Pumps & Diesel Engines
Bajaj Hindusthan Sugar Limited,BAJAJHIND,INE306A01021,Fast Moving Consumer Goods,Sugar
Artemis Medicare Services Limited,ARTEMISMED,INE025R01021,Healthcare,Hospital
Raymond Lifestyle Limited,RAYMOND,INE301A01014,Consumer Discretionary,Other Textile Products
Man Industries (India) Limited,MANINDS,INE993A01026,Industrials,Iron & Steel Products
Gulf Oil Lubricants India Limited,GULFOILLUB,INE635Q01029,Energy,Lubricants
Paisalo Digital Limited,PAISALO,INE420C01059,Financial Services,Non Banking Financial Company (NBFC)
Laxmi Organic Industries Limited,LXCHEM,INE576O01020,Commodities,Specialty Chemicals
Responsive Industries Limited,RESPONIND,INE688D01026,Consumer Discretionary,Furniture Home Furnishing
Pondy Oxides & Chemicals Limited,POCL,INE063E01053,Commodities,Diversified Metals
Just Dial Limited,JUSTDIAL,INE599M01018,Consumer Discretionary,Internet & Catalogue Retail
Texmaco Rail & Engineering Limited,TEXRAIL,INE621L01012,Industrials,Railway Wagons
Thomas Cook  (India)  Limited,THOMASCOOK,INE332A01027,Consumer Discretionary,Tour Travel Related Services
Electronics Mart India Limited,EMIL,INE02YR01019,Consumer Discretionary,Diversified Retail
VST Industries Limited,VSTIND,INE710A01016,Fast Moving Consumer Goods,Cigarettes & Tobacco Products
Goldiam International Limited,GOLDIAM,INE025B01025,Consumer Discretionary,Gems Jewellery And Watches
Advanced Enzyme Technologies Limited,ADVENZYMES,INE837H01020,Healthcare,Biotechnology
VRL Logistics Limited,VRLLOG,INE366I01010,Services,Logistics Solution Provider
Avantel Limited,AVANTEL,INE005B01027,Industrials,Aerospace & Defense
VIP Industries Limited,VIPIND,INE054A01027,Consumer Discretionary,Plastic Products - Consumer
Krishana Phoschem Limited,KRISHANA,INE506W01012,Commodities,Fertilizers
IFB Industries Limited,IFBIND,INE559A01017,Consumer Discretionary,Household Appliances
WPIL Limited,WPIL,INE765D01022,Industrials,Other Industrial Products
Sunteck Realty Limited,SUNTECK,INE805D01034,Consumer Discretionary,Residential Commercial Projects
Seshaasai Technologies Limited,STYL,INE04VU01023,Financial Services,Financial Technology (Fintech)
Oswal Pumps Limited,OSWALPUMPS,INE0BYP01024,Industrials,Compressors Pumps & Diesel Engines
Zota Health Care LImited,ZOTA,INE358U01012,Healthcare,Pharmaceuticals
OnEMI Technology Solutions Limited,KISSHT,INE12F801023,Financial Services,Other Financial Services
PDS Limited,PDSL,INE111Q01021,Consumer Discretionary,Trading - Textile Products
GHCL Limited,GHCL,INE539A01019,Commodities,Commodity Chemicals
Lux Industries Limited,LUXIND,INE150G01020,Consumer Discretionary,Garments & Apparels
Sindhu Trade Links Limited,SINDHUTRAD,INE325D01025,Energy,Coal
Capillary Technologies India Limited,CAPILLARY,INE0ILV01024,Information Technology,Software Products
TruAlt Bioenergy Limited,TRUALT,INE0MWH01014,Fast Moving Consumer Goods,Other Agricultural Products
Ram Ratna Wires Limited,RAMRAT,INE207E01023,Industrials,Other Electrical Equipment
Wheels India Limited,WHEELS,INE715A01015,Consumer Discretionary,Auto Components & Equipments
Seamec Limited,SEAMECLTD,INE497B01018,Services,Shipping
Vishnu Chemicals Limited,VISHNU,INE270I01022,Commodities,Specialty Chemicals
SMS Pharmaceuticals Limited,SMSPHARMA,INE812G01025,Healthcare,Pharmaceuticals
Greaves Cotton Limited,GREAVESCOT,INE224A01026,Industrials,Compressors Pumps & Diesel Engines
Shivalik Bimetal Controls Limited,SBCL,INE386D01027,Industrials,Iron & Steel Products
Moschip Technologies Limited,MOSCHIP,INE935B01025,Information Technology,Computers Hardware & Equipments
Orient Electric Limited,ORIENTELEC,INE142Z01019,Consumer Discretionary,Household Appliances
Rolex Rings Limited,ROLEXRINGS,INE645S01024,Consumer Discretionary,Auto Components & Equipments
Pace Digitek Limited,PACEDIGITK,INE0S3G01027,Telecommunication,Telecom - Infrastructure
Bajaj Electricals Limited,BAJAJELEC,INE193E01025,Consumer Discretionary,Household Appliances
Foseco India Limited,FOSECOIND,INE519A01011,Commodities,Specialty Chemicals
eMudhra Limited,EMUDHRA,INE01QM01018,Information Technology,IT Enabled Services
NACL Industries Limited,NACLIND,INE295D01020,Commodities,Pesticides & Agrochemicals
GMM Pfaudler Limited,GMMPFAUDLR,INE541A01023,Industrials,Industrial Products
Refex Industries Limited,REFEX,INE056I01025,Commodities,Industrial Gases
TARC Limited,TARC,INE0EK901012,Consumer Discretionary,Residential Commercial Projects
H.G. Infra Engineering Limited,HGINFRA,INE926X01010,Industrials,Civil Construction
Ashiana Housing Limited,ASHIANA,INE365D01021,Consumer Discretionary,Residential Commercial Projects
Vaibhav Global Limited,VAIBHAVGBL,INE884A01027,Consumer Discretionary,Gems Jewellery And Watches
Hawkins Cookers Limited,HAWKINCOOK,INE979B01015,Consumer Discretionary,Houseware
Fineotex Chemical Limited,FCL,INE045J01034,Commodities,Specialty Chemicals
AGI Greenpac Limited,AGI,INE415A01038,Industrials,Packaging
BOSCH HOME COMFORT INDIA LIMITED,BOSCH-HCIL,INE782A01015,Consumer Discretionary,Household Appliances
Raymond Realty Limited,RAYMONDREL,INE1SY401010,Consumer Discretionary,Residential Commercial Projects
Shoppers Stop Limited,SHOPERSTOP,INE498B01024,Consumer Discretionary,Diversified Retail
Harsha Engineers International Limited,ENGINERSIN,INE510A01028,Industrials,Other Industrial Products
National Fertilizers Limited,NFL,INE870D01012,Commodities,Fertilizers
D.B.Corp Limited,DBCORP,INE950I01011,Consumer Discretionary,Print Media
Orchid Pharma Limited,ORCHPHARMA,INE191A01027,Healthcare,Pharmaceuticals
Rashi Peripherals Limited,RPTECH,INE0J1F01024,Information Technology,Computers Hardware & Equipments
Gopal Snacks Limited,GOPAL,INE0L9R01028,Fast Moving Consumer Goods,Packaged Foods
Timex Group India Limited,TIMEX,INE064A01026,Consumer Discretionary,Gems Jewellery And Watches
Crizac Limited,CRIZAC,INE0S4R01014,Consumer Discretionary,Internet & Catalogue Retail
Ashoka Buildcon Limited,ASHOKA,INE442H01029,Industrials,Civil Construction
Raymond Limited,RAYMOND,INE301A01014,Industrials,Industrial Products
HeidelbergCement India Limited,HEIDELBERG,INE578A01017,Commodities,Cement & Cement Products
Kalyani Steels Limited,KSL,INE907A01026,Industrials,Iron & Steel Products
Jtekt India Limited,JTEKTINDIA,INE643A01035,Consumer Discretionary,Auto Components & Equipments
Sanathan Textiles Limited,SANATHAN,INE0JPD01013,Consumer Discretionary,Other Textile Products
Chemplast Sanmar Limited,CHEMPLASTS,INE488A01050,Commodities,Specialty Chemicals
Pitti Engineering Limited,PITTIENG,INE450D01021,Industrials,Industrial Products
Indiqube Spaces Limited,INDIQUBE,INE06ST01018,Services,Diversified Commercial Services
Flair Writing Industries Limited,FLAIR,INE00Y201027,Fast Moving Consumer Goods,Stationary
KDDL Limited,KDDL,INE291D01011,Consumer Discretionary,Gems Jewellery And Watches
Aye Finance Limited,AYE,INE501X01029,Financial Services,Non Banking Financial Company (NBFC)
Tourism Finance Corporation of India Limited,TFCILTD,INE305A01023,Financial Services,Financial Institution
NRB Bearing Limited,NIBL,INE047O01014,Consumer Discretionary,Auto Components & Equipments
Aarti Drugs Limited,AARTIDRUGS,INE767A01016,Healthcare,Pharmaceuticals
IOL Chemicals and Pharmaceuticals Limited,IOLCP,INE485C01029,Healthcare,Pharmaceuticals
Rossell Techsys Limited,ROSSTECH,INE0OJW01016,Industrials,Aerospace & Defense
GRM Overseas Limited,GRMOVER,INE192H01020,Fast Moving Consumer Goods,Other Agricultural Products
Sandhar Technologies Limited,SANDHAR,INE278H01035,Consumer Discretionary,Auto Components & Equipments
Dishman Carbogen Amcis Limited,DCAL,INE385W01011,Healthcare,Pharmaceuticals
Shanthi Gears Limited,SHANTIGEAR,INE631A01022,Industrials,Industrial Products
Hind Rectifiers Limited,HIRECT,INE835D01023,Industrials,Industrial Products
Carraro India Limited,CARRARO,INE0V7W01012,Consumer Discretionary,Auto Components & Equipments
IndoStar Capital Finance Limited,CIFL,INE345H01024,Financial Services,Non Banking Financial Company (NBFC)
Enviro Infra Engineers Limited,EIEL,INE0LLY01014,Utilities,Water Supply & Management
Kirloskar Industries Limited,KIRLOSIND,INE250A01039,Industrials,Other Industrial Products
Marathon Nextgen Realty Limited,MARATHON,INE182D01020,Consumer Discretionary,Residential Commercial Projects
Cyient DLM Limited,CYIENTDLM,INE055S01018,Industrials,Aerospace & Defense
Navneet Education Limited,NAVNETEDUL,INE060A01024,Fast Moving Consumer Goods,Stationary
Indraprastha Medical Corporation Limited,INDRAMEDCO,INE681B01017,Healthcare,Hospital
Steel Strips Wheels Limited,WHEELS,INE715A01015,Consumer Discretionary,Auto Components & Equipments
Universal Cables Limited,UNIVCABLES,INE279A01012,Industrials,Cables - Electricals
Marine Electricals (India) Limited,MARINE,INE01JE01028,Industrials,Industrial Products
Bhagiradha Chemicals & Industries Limited,BHAGCHEM,INE414D01027,Commodities,Pesticides & Agrochemicals
ROUTE MOBILE LIMITED,ROUTE,INE450U01017,Telecommunication,Other Telecom Services
Sambhv Steel Tubes Limited,SAMBHV,INE12NJ01018,Industrials,Iron & Steel Products
R Systems International Limited,RSYSTEMS,INE411H01032,Information Technology,IT Enabled Services
Samhi Hotels Limited,SAMHI,INE08U801020,Consumer Discretionary,Hotels & Resorts
Novartis India Limited,NOVARTIND,INE234A01025,Healthcare,Pharmaceuticals
West Coast Paper Mills Limited,WSTCSTPAPR,INE976A01021,Commodities,Paper & Paper Products
63 moons technologies limited,63MOONS,INE111B01023,Information Technology,Computers - Software & Consulting
RPSG VENTURES LIMITED,RPSGVENT,INE425Y01011,Services,Business Process Outsourcing (BPO)/ Knowledge Process Outsourcing (KPO)
Greenply Industries Limited,GREENPLY,INE461C01038,Consumer Discretionary,Plywood Boards/ Laminates
Dredging Corporation of India Limited,DREDGECORP,INE506A01018,Services,Dredging
SG Finserve Limited,SGFIN,INE618R01015,Financial Services,Non Banking Financial Company (NBFC)
Kitex Garments Limited,KITEX,INE602G01020,Consumer Discretionary,Garments & Apparels
Bliss GVS Pharma Limited,BLISSGVS,INE416D01022,Healthcare,Pharmaceuticals
Balmer Lawrie & Company Limited,BALMLAWRIE,INE164A01016,Diversified,Diversified
MPS Limited,MPSLTD,INE943D01017,Consumer Discretionary,E-Learning
PSP Projects Limited,PSPPROJECT,INE488V01015,Industrials,Civil Construction
Premier Explosives Limited,PREMIER,INE342A01018,Commodities,Explosives
Sanghvi Movers Limited,SANGHVIMOV,INE989A01032,Services,Diversified Commercial Services
NIIT Learning Systems Limited,NIITMTS,INE342G01023,Consumer Discretionary,Education
Ramky Infrastructure Limited,RAMKY,INE874I01013,Industrials,Civil Construction
Muthoot Microfin Limited,MUTHOOTMF,INE046W01019,Financial Services,Microfinance Institutions
Wonderla Holidays Limited,WONDERLA,INE066O01014,Consumer Discretionary,Amusement Parks/ Other Recreation
Heritage Foods Limited,HERITGFOOD,INE978A01027,Fast Moving Consumer Goods,Dairy Products
Jindal Poly Films Limited,JINDALPOLY,INE197D01010,Industrials,Packaging
Bharat Bijlee Limited,BBL,INE464A01036,Industrials,Heavy Electrical Equipment
Insolation Energy Limited,INA,INE0LGX01024,Industrials,Other Electrical Equipment
Mayur Uniquoters Ltd,MAYURUNIQ,INE040D01038,Consumer Discretionary,Leather And Leather Products
Vadilal Industries Limited,VADILALIND,INE694D01016,Fast Moving Consumer Goods,Dairy Products
Quess Corp Limited,QUESS,INE615P01015,Services,Diversified Commercial Services
Polyplex Corporation Limited,POLYPLEX,INE633B01018,Industrials,Packaging
Deep Industries Limited,DEEPINDS,INE0FHS01024,Energy,Oil Equipment & Services
UFLEX Limited,UFLEX,INE516A01017,Industrials,Packaging
Mstc Limited,MSTCLTD,INE255X01014,Services,Trading & Distributors
Prince Pipes And Fittings Limited,PRINCEPIPE,INE689W01016,Industrials,Plastic Products - Industrial
CARYSIL LIMITED,CARYSIL,INE482D01024,Consumer Discretionary,Household Appliances
Sundaram Clayton Limited,SUNCLAY,INE0Q3R01026,Consumer Discretionary,Auto Components & Equipments
Steelcast Limited,STEELCAS,INE124E01038,Industrials,Castings & Forgings
Grauer & Weil India Limited,GRAUWEIL,INE266D01021,Commodities,Commodity Chemicals
Hubtown Limited,HUBTOWN,INE703H01016,Consumer Discretionary,Residential Commercial Projects
Savita Oil Technologies Limited,SOTL,INE035D01020,Energy,Lubricants
Easy Trip Planners Limited,EASEMYTRIP,INE07O001026,Consumer Discretionary,Tour Travel Related Services
Fusion Finance Limited,FUSION,INE139R01012,Financial Services,Microfinance Institutions
ADF Foods Limited,ADFFOODS,INE982B01027,Fast Moving Consumer Goods,Packaged Foods
Rossari Biotech Limited,ROSSARI,INE02A801020,Commodities,Specialty Chemicals
Nitin Spinners Limited,NITINSPIN,INE229H01012,Consumer Discretionary,Other Textile Products
Gufic Biosciences Limited,GUFICBIO,INE742B01025,Healthcare,Pharmaceuticals
Zaggle Prepaid Ocean Services Limited,ZAGGLE,INE07K301024,Information Technology,IT Enabled Services
Arvind SmartSpaces Limited,ARVIND,INE034A01011,Consumer Discretionary,Residential Commercial Projects
Nalwa Sons Investments Limited,NSIL,INE023A01030,Financial Services,Investment Company
Dalmia Bharat Sugar and Industries Limited,DALMIASUG,INE495A01022,Fast Moving Consumer Goods,Sugar
Venus Pipes & Tubes Limited,VENUSPIPES,INE0JA001018,Industrials,Iron & Steel Products
Orient Cement Limited,ORIENTCEM,INE876N01018,Commodities,Cement & Cement Products
Tatva Chintan Pharma Chem Limited,TATVA,INE0GK401011,Commodities,Specialty Chemicals
Elpro International Limited,ELPROINTL,INE579B01039,Consumer Discretionary,Residential Commercial Projects
EFC (I) Limited,EFCIL,INE886D01026,Services,Diversified Commercial Services
NOCIL Limited,NOCIL,INE163A01018,Commodities,Specialty Chemicals
Maithan Alloys Limited,MAITHANALL,INE683C01011,Commodities,Ferro & Silica Manganese
Euro Pratik Sales Limited,EUROPRATIK,INE198501012,Consumer Discretionary,Furniture Home Furnishing
TVS Srichakra Limited,TVSSRICHAK,INE421C01016,Consumer Discretionary,Tyres & Rubber Products
Ganesha Ecosphere Limited,GANECOS,INE845D01014,Consumer Discretionary,Other Textile Products
Borosil Limited,BOROLTD,INE02PY01013,Consumer Discretionary,Houseware
Prakash Industries Limited,PRAKASH,INE603A01013,Commodities,Iron & Steel
John Cockerill India Limited,COCKERILL,INE515A01019,Industrials,Industrial Products
Automotive Axles Limited,AUTOAXLES,INE449A01011,Consumer Discretionary,Auto Components & Equipments
Standard Engineering Technology Limited,SETL,INE0M4D01010,Industrials,Industrial Products
Marsons Limited,MARSONS,INE415B01044,Industrials,Heavy Electrical Equipment
JTL INDUSTRIES LIMITED,JTLIND,INE391J01032,Industrials,Iron & Steel Products
Vardhman Special Steels Limited,VSSL,INE050M01012,Industrials,Iron & Steel Products
Siyaram Silk Mills Limited,SIYSIL,INE076B01028,Consumer Discretionary,Other Textile Products
Parag Milk Foods Limited,PARAGMILK,INE883N01014,Fast Moving Consumer Goods,Dairy Products
Jubilant Agri and Consumer Products Limited,JUBLCPL,INE03CC01015,Commodities,Specialty Chemicals
Shankara Buildpro Limited,BUILDPRO,INE24OJ01011,Services,Trading & Distributors
Unichem Laboratories Limited,UNICHEMLAB,INE351A01035,Healthcare,Pharmaceuticals
Protean eGov Technologies Limited,PROTEAN,INE004A01022,Information Technology,IT Enabled Services
Jindal Worldwide Limited,JINDWORLD,INE247D01039,Consumer Discretionary,Other Textile Products
Panacea Biotec Limited,PANACEABIO,INE922B01023,Healthcare,Pharmaceuticals
Patel Engineering Limited,PATELENG,INE244B01030,Industrials,Civil Construction
Apcotex Industries Limited,APCOTEXIND,INE116A01032,Industrials,Rubber
Xpro India Limited,XPROINDIA,INE445C01015,Industrials,Packaging
Pokarna Limited,POKARNA,INE637C01025,Consumer Discretionary,Granites & Marbles
Globus Spirits Limited,GLOBUSSPR,INE615I01010,Fast Moving Consumer Goods,Breweries & Distilleries
Thirumalai Chemicals Limited,TIRUMALCHM,INE338A01024,Commodities,Commodity Chemicals
Sundrop Brands Limited,SUNDROP,INE209A01019,Fast Moving Consumer Goods,Edible Oil
GK Energy Limited,GKENERGY,INE1AG301022,Industrials,Civil Construction
Hikal Limited,HIKAL,INE475B01022,Healthcare,Pharmaceuticals
Federal-Mogul Goetze (India) Limited.,FMGOETZE,INE529A01010,Consumer Discretionary,Auto Components & Equipments
Bombay Dyeing & Mfg Company Limited,BOMDYEING,INE032A01023,Consumer Discretionary,Other Textile Products
Kilburn Engineering Limited,KLBRENG-B,INE338F01015,Industrials,Industrial Products
Veedol Corporation Limited,VEEDOL,INE484C01030,Energy,Lubricants
Antelopus Selan Energy Limited,ANTELOPUS,INE818A01017,Energy,Oil Exploration & Production
Windsor Machines Limited,WINDMACHIN,INE052A01021,Industrials,Industrial Products
Yasho Industries Limited,YASHO,INE616Z01012,Commodities,Specialty Chemicals
Rane (Madras) Limited,RML,INE050H01012,Consumer Discretionary,Auto Components & Equipments
The Orissa Minerals Development Company Limited,ORISSAMINE,INE725E01024,Commodities,Industrial Minerals
Ddev Plastiks Industries Limited,DDEVPLSTIK,INE0HR601026,Commodities,Specialty Chemicals
Repco Home Finance Limited,REPCOHOME,INE612J01015,Financial Services,Housing Finance Company
Jash Engineering Limited,JASH,INE039O01029,Industrials,Industrial Products
Satin Creditcare Network Limited,SATIN,INE836B01017,Financial Services,Microfinance Institutions
Uniparts India Limited,UNIPARTS,INE244O01017,Consumer Discretionary,Auto Components & Equipments
Sangam (India) Limited,SANGAMIND,INE495C01010,Consumer Discretionary,Other Textile Products
MSP Steel & Power Limited,MSPL,INE752G01015,Industrials,Iron & Steel Products
K.P. Energy Limited,KPEL,INE127T01021,Utilities,Power Generation
Ramco Industries Limited,RAMCOIND,INE614A01028,Commodities,Other Construction Materials
Kiri Industries Limited,KIRIINDUS,INE415I01015,Commodities,Dyes And Pigments
Sirca Paints India Limited,SIRCA,INE792Z01011,Consumer Discretionary,Paints
Apollo Pipes Limited,APOLLOPIPE,INE126J01016,Industrials,Plastic Products - Industrial
Veranda Learning Solutions Limited,VERANDA,INE0IQ001011,Consumer Discretionary,E-Learning
Bhansali Engineering Polymers Limited,BEPL,INE922A01025,Commodities,Specialty Chemicals
Sagar Cements Limited,SAGCEM,INE229C01021,Commodities,Cement & Cement Products
Morepen Laboratories Limited,MOREPENLAB,INE083A01026,Healthcare,Pharmaceuticals
Monarch Networth Capital Limited,MONARCH,INE903D01011,Financial Services,Stockbroking & Allied
Ajmera Realty & Infra India Limited,AJMERA,INE298G01035,Consumer Discretionary,Residential Commercial Projects
Prataap Snacks Limited,DIAMONDYD,INE393P01035,Fast Moving Consumer Goods,Packaged Foods
Nitco Limited,NITCO,INE858F01012,Consumer Discretionary,Ceramics
Camlin Fine Sciences Limited,CAMLINFINE,INE052I01032,Commodities,Specialty Chemicals
Eveready Industries India Limited,EVEREADY,INE128A01029,Fast Moving Consumer Goods,Household Products
Bharat Rasayan Limited,BHARATRAS,INE838B01021,Commodities,Pesticides & Agrochemicals
National Standard (India) Limited,NATIONSTD,INE166R01015,Consumer Discretionary,Residential Commercial Projects
Awfis Space Solutions Limited,AWFIS,INE108V01019,Services,Diversified Commercial Services
TCPL Packaging Limited,TCPLPACK,INE822C01015,Industrials,Packaging
Prabha Energy Limited,PRABHA,INE0I0M01023,Energy,Oil Exploration & Production
Kernex Microsystems (India) Limited,KERNEX,INE202H01019,Services,Transport Related Services
Brigade Hotel Ventures Limited,BRIGHOTEL,INE03NU01014,Consumer Discretionary,Hotels & Resorts
Ravindra Energy Limited,RELTD,INE206N01018,Industrials,Other Electrical Equipment
Gujarat Industries Power Company Limited,GIPCL,INE162A01010,Utilities,Power Generation
EPACK Durable Limited,EPACK,INE0G5901015,Consumer Discretionary,Household Appliances
Advait Energy Transitions Limited,ADVAIT,INE0ALI01010,Industrials,Other Electrical Equipment
JNK India Limited,JNKINDIA,INE0OAF01028,Industrials,Industrial Products
HPL Electric & Power Limited,HPL,INE495S01016,Industrials,Industrial Products
Fischer Medical Ventures Limited,FISCHER,INE771F01041,Healthcare,Medical Equipment & Supplies
MM Forgings Limited,MMFL,INE227C01017,Consumer Discretionary,Auto Components & Equipments
Rhetan TMT Limited,RHETAN,INE0KKN01029,Industrials,Iron & Steel Products
Mangalam Cement Limited,MANGLMCEM,INE347A01017,Commodities,Cement & Cement Products
Hindustan Oil Exploration Company Limited,HINDOILEXP,INE345A01011,Energy,Oil Exploration & Production
HLE Glascoat Limited,HLEGLAS,INE461D01028,Industrials,Industrial Products
Alembic Limited,ALEMBICLTD,INE426A01027,Consumer Discretionary,Residential Commercial Projects
DCX Systems Limited,DCXINDIA,INE0KL801015,Industrials,Aerospace & Defense
Greenpanel Industries Limited,GREENPANEL,INE08ZM01014,Consumer Discretionary,Plywood Boards/ Laminates
Kalyani Investment Company Limited,KICL,INE029L01018,Financial Services,Investment Company
Pix Transmissions Limited,PIXTRANS,INE751B01018,Industrials,Rubber
Network People Services Technologies Limited,NPST,INE0FFK01017,Financial Services,Financial Technology (Fintech)
Kwality Pharmaceuticals Limited,KPL,INE552U01010,Healthcare,Pharmaceuticals
Sanstar Limited,SANSTAR,INE08NE01025,Fast Moving Consumer Goods,Other Agricultural Products
Servotech Renewable Power System Limited,IREDA,INE202E01016,Industrials,Other Electrical Equipment
COSMO FIRST LIMITED,COSMOFIRST,INE757A01017,Industrials,Packaging
Shipping Corporation of India Land and Assets Limited,SCI,INE109A01011,Financial Services,Investment Company
Venky's (India) Limited,VENKEYS,INE398A01010,Fast Moving Consumer Goods,Meat Products including Poultry
Arkade Developers Limited,ARKADE,INE0QRL01017,Consumer Discretionary,Residential Commercial Projects
Sai Parenterals Limited,SAIPARENT,INE0H9F01037,Healthcare,Pharmaceuticals
Insecticides (India) Limited,INSECTICID,INE070I01018,Commodities,Pesticides & Agrochemicals
Somany Ceramics Limited,SOMANYCERA,INE355A01028,Consumer Discretionary,Ceramics
Rajratan Global Wire Limited,RAJRATAN,INE451D01029,Consumer Discretionary,Auto Components & Equipments
Brightcom Group Limited,BCG,INE425B01027,Information Technology,IT Enabled Services
Bajel Projects Limited,BAJEL,INE0KQN01018,Industrials,Heavy Electrical Equipment
GM Breweries Limited,GMBREW,INE075D01018,Fast Moving Consumer Goods,Breweries & Distilleries
Mufin Green Finance Limited,MUFIN,INE08KJ01020,Financial Services,Non Banking Financial Company (NBFC)
D. P. Abhushan Limited,DPABHUSHAN,INE266Y01019,Consumer Discretionary,Gems Jewellery And Watches
Jain Irrigation Systems Limited,JISLJALEQS,INE175A01038,Industrials,Plastic Products - Industrial
Mukand Limited,MUKANDLTD,INE304A01026,Industrials,Iron & Steel Products
Solara Active Pharma Sciences Limited,SOLARA,INE624Z01016,Healthcare,Pharmaceuticals
KCP Limited,KCP,INE805C01028,Commodities,Cement & Cement Products
BF Utilities Limited,BFUTILITIE,INE243D01012,Services,Road Assets - Toll Annuity Hybrid-Annuity
GSP Crop Science Limited,GSPCROP,INE713R01022,Commodities,Pesticides & Agrochemicals
Shringar House of Mangalsutra Limited,SHRINGARMS,INE1B3L01017,Consumer Discretionary,Gems Jewellery And Watches
Pennar Industries Limited,PENIND,INE932A01024,Industrials,Industrial Products
Rishabh Instruments Limited,RISHABH,INE0N2P01017,Industrials,Other Electrical Equipment
Vimta Labs Limited,VIMTALABS,INE579C01029,Healthcare,Healthcare Research Analytics & Technology
NIBE Limited,NIBE,INE149O01018,Industrials,Aerospace & Defense
Sportking India Limited,SPORTKING,INE885H01029,Consumer Discretionary,Other Textile Products
Jai Corp Limited,JAICORPLTD,INE070D01027,Industrials,Plastic Products - Industrial
Rane Holdings Limited,RANEHOLDIN,INE384A01010,Financial Services,Holding Company
Frontier Springs Limited,FRONTSP,INE572D01014,Consumer Discretionary,Auto Components & Equipments
Confidence Petroleum India Limited,CONFIPET,INE552D01024,Energy,LPG/CNG/PNG/LNG Supplier
TCI Express Limited,TCIEXP,INE586V01016,Services,Logistics Solution Provider
Stallion India Fluorochemicals Limited,STALLION,INE0RYC01010,Commodities,Industrial Gases
Panama Petrochem Limited,PANAMAPET,INE305C01029,Energy,Lubricants
Vintage Coffee And Beverages Limited,VINCOFE,INE498Q01014,Services,Trading & Distributors
Sika Interplant Systems Limited,SIS,INE285J01028,Industrials,Aerospace & Defense
Delta Corp Limited,DELTACORP,INE124G01033,Consumer Discretionary,Amusement Parks/ Other Recreation
Ndr Auto Components Limited,NDRAUTO,INE07OG01012,Consumer Discretionary,Auto Components & Equipments
Vindhya Telelinks Limited,VINDHYATEL,INE707A01012,Telecommunication,Telecom - Infrastructure
Ujaas Energy Limited,UEL,INE899L01030,Utilities,Power Generation
Vidya Wires Limited,VIDYAWIRES,INE14UN01029,Industrials,Aluminium Copper & Zinc Products
S. P. Apparels Limited,SPAL,INE212I01016,Consumer Discretionary,Garments & Apparels
Exicom Tele-Systems Limited,EXICOM,INE777F01014,Industrials,Heavy Electrical Equipment
Indoco Remedies Limited,INDOCO,INE873D01024,Healthcare,Pharmaceuticals
Ador Welding Limited,ADOR,INE045A01017,Industrials,Other Industrial Products
India Pesticides Limited,IPL,INE0D6701023,Commodities,Pesticides & Agrochemicals
Hinduja Global Solutions Limited,HGS,INE170I01016,Services,Business Process Outsourcing (BPO)/ Knowledge Process Outsourcing (KPO)
BLS E-Services Limited,BLSE,INE0NLT01010,Information Technology,IT Enabled Services
Filatex India Limited,FILATEX,INE816B01035,Consumer Discretionary,Other Textile Products
La Opala RG Limited,LAOPALA,INE059D01020,Consumer Discretionary,Glass - Consumer
Asian Granito India Limited,ASIANTILES,INE022I01019,Consumer Discretionary,Ceramics
Nilkamal Limited,NILKAMAL,INE310A01015,Consumer Discretionary,Plastic Products - Consumer
Jindal Drilling And Industries Limited,JINDRILL,INE742C01031,Energy,Offshore Support Solution Drilling
Shalby Limited,SHALBY,INE597J01018,Healthcare,Hospital
Krsnaa Diagnostics Limited,KRSNAA,INE08LI01020,Healthcare,Healthcare Service Provider
Cantabil Retail India Limited,CANTABIL,INE068L01024,Consumer Discretionary,Garments & Apparels
Saksoft Limited,SAKSOFT,INE667G01023,Information Technology,Computers - Software & Consulting
United Foodbrands Limited,UFBL,INE382M01027,Consumer Discretionary,Restaurants
Stove Kraft Limited,STOVEKRAFT,INE00IN01015,Consumer Discretionary,Household Appliances
Hathway Cable & Datacom Limited,HATHWAY,INE982F01036,Consumer Discretionary,TV Broadcasting & Software Production
Silver Touch Technologies Limited,SILVERTUC,INE625X01026,Information Technology,Computers - Software & Consulting
Arman Financial Services Limited,ARMANFIN,INE109C01017,Financial Services,Non Banking Financial Company (NBFC)
Som Distilleries & Breweries Limited,SDBL,INE480C01038,Fast Moving Consumer Goods,Breweries & Distilleries
EMS Limited,EMSLIMITED,INE0OV601013,Utilities,Waste Management
Thejo Engineering Limited,THEJO,INE121N01019,Industrials,Industrial Products
Krishna Defence And Allied Industries Limited,KRISHNADEF,INE0J5601015,Industrials,Aerospace & Defense
S H Kelkar and Company Limited,SHK,INE500L01026,Commodities,Specialty Chemicals
Paramount Communications Limited,PARACABLES,INE074B01023,Industrials,Cables - Electricals
Sakar Healthcare Limited,SAKAR,INE732S01012,Healthcare,Pharmaceuticals
Hi-Tech Pipes Limited,HITECH,INE106T01025,Industrials,Iron & Steel Products
Oriental Hotels Limited,ORIENTHOT,INE750A01020,Consumer Discretionary,Hotels & Resorts
SBC Exports Limited,SBC,INE04AK01028,Consumer Discretionary,Garments & Apparels
Studds Accessories Limited,STUDDS,INE00Q601028,Consumer Discretionary,Auto Components & Equipments
Summit Securities Limited,SUMMITSEC,INE519C01017,Financial Services,Investment Company
TCC Concept Limited,TCC,INE887D01016,Consumer Discretionary,Internet & Catalogue Retail
Suryoday Small Finance Bank Limited,SURYODAY,INE428Q01011,Financial Services,Other Bank
Ashika Credit Capital Limited,ACC,INE012A01025,Financial Services,Non Banking Financial Company (NBFC)
GTL Infrastructure Limited,GTLINFRA,INE221H01019,Telecommunication,Telecom - Infrastructure
Goodyear India Limited,GOODYEAR,INE533A01012,Consumer Discretionary,Tyres & Rubber Products
Simplex Infrastructures Limited,SIMPLEXINF,INE059B01024,Industrials,Civil Construction
M & B Engineering Limited,MBEL,INE08N601015,Industrials,Civil Construction
Disa India Limited,DISAQ,INE131C01011,Industrials,Industrial Products
Suraksha Diagnostic Limited,SURAKSHA,INE877V01027,Healthcare,Healthcare Service Provider
Vikran Engineering Limited,VIKRAN,INE01R501028,Industrials,Civil Construction
Accelya Solutions India Limited,ACCELYA,INE793A01012,Information Technology,Computers - Software & Consulting
Astec LifeSciences Limited,ASTEC,INE563J01010,Commodities,Pesticides & Agrochemicals
Ceinsys Tech Limited,CEINSYS,INE016Q01014,Information Technology,IT Enabled Services
Windlas Biotech Limited,WINDLAS,INE0H5O01029,Healthcare,Pharmaceuticals
Balmer Lawrie Investments Limited,BALMLAWRIE,INE164A01016,Financial Services,Non Banking Financial Company (NBFC)
Dolphin Offshore Enterprises (India) Limited,DOLPHIN,INE920A01037,Energy,Offshore Support Solution Drilling
D-Link (India) Limited,DLINKINDIA,INE250K01012,Information Technology,Computers Hardware & Equipments
Asian Energy Services Limited,ASIANENE,INE276G01015,Energy,Oil Equipment & Services
Indian Hume Pipe Company Limited,INDIANHUME,INE323C01030,Industrials,Industrial Products
Shanti Gold International Limited,SHANTIGOLD,INE06ZD01017,Consumer Discretionary,Gems Jewellery And Watches
SPML Infra Limited,SPMLINFRA,INE937A01023,Industrials,Civil Construction
Sai Silks (Kalamandir) Limited,KALAMANDIR,INE438K01021,Consumer Discretionary,Speciality Retail
RACL Geartech Limited,RACLGEAR,INE704B01017,Consumer Discretionary,Auto Components & Equipments
All Time Plastics Limited,ALLTIME,INE0GV601021,Consumer Discretionary,Houseware
Rico Auto Industries Limited,RICOAUTO,INE209B01025,Consumer Discretionary,Auto Components & Equipments
GNA Axles Limited,GNA,INE934S01014,Consumer Discretionary,Auto Components & Equipments
Dollar Industries Limited,DOLLAR,INE325C01035,Consumer Discretionary,Garments & Apparels
One Point One Solutions Limited,ONEPOINT,INE840Y01029,Services,Business Process Outsourcing (BPO)/ Knowledge Process Outsourcing (KPO)
Precision Camshafts Limited,PRECAM,INE484I01029,Consumer Discretionary,Auto Components & Equipments
Arfin India Limited,ARFIN,INE784R01023,Commodities,Aluminium
One Mobikwik Systems Limited,MOBIKWIK,INE0HLU01028,Financial Services,Financial Technology (Fintech)
GPT Infraprojects Limited,GPTINFRA,INE390G01014,Industrials,Civil Construction
NELCO Limited,NELCO,INE045B01015,Information Technology,Computers Hardware & Equipments
J.G.Chemicals Limited,JGCHEM,INE0MB501011,Commodities,Commodity Chemicals
Signpost India Limited,SIGNPOST,INE0KGZ01021,Consumer Discretionary,Advertising & Media Agencies
Sumeet Industries Limited,SUMEETINDS,INE235C01036,Consumer Discretionary,Other Textile Products
Aqylon Nexus Limited,AQYLON,INE416A01051,Consumer Discretionary,TV Broadcasting & Software Production
Ugro Capital Limited,UGROCAP,INE583D01011,Financial Services,Non Banking Financial Company (NBFC)
NGL Fine-Chem Limited,NGLFINE,INE887E01022,Healthcare,Pharmaceuticals
Magellanic Cloud Limited,MCLOUD,INE613C01026,Information Technology,Computers - Software & Consulting
GOCL Corporation Limited,GOCLCORP,INE077F01035,Commodities,Explosives
Bharat Wire Ropes Limited,BHARATWIRE,INE316L01019,Industrials,Iron & Steel Products
5Paisa Capital Limited,5PAISA,INE618L01018,Financial Services,Stockbroking & Allied
Yatra Online Limited,YATRA,INE0JR601024,Consumer Discretionary,Tour Travel Related Services
Jagran Prakashan Limited,JAGRAN,INE199G01027,Consumer Discretionary,Print Media
Expleo Solutions Limited,EXPLEOSOL,INE201K01015,Information Technology,IT Enabled Services
InfoBeans Technologies Limited,INFOBEAN,INE344S01016,Information Technology,Computers - Software & Consulting
BF Investment Limited,BFINVEST,INE878K01010,Financial Services,Holding Company
Landmark Cars Limited,LANDMARK,INE559R01029,Consumer Discretionary,Auto Dealer
Jyoti Structures Limited,JYOTISTRUC,INE197A01024,Industrials,Heavy Electrical Equipment
Ramco Systems Limited,RAMCOSYS,INE246B01019,Information Technology,Software Products
Seshasayee Paper and Boards Limited,SESHAPAPER,INE630A01024,Commodities,Paper & Paper Products
Dynamic Cables Limited,DYCL,INE600Y01019,Industrials,Cables - Electricals
Go Fashion (India) Limited,GOCOLORS,INE0BJS01011,Consumer Discretionary,Speciality Retail
Vidhi Specialty Food Ingredients Limited,VIDHIING,INE632C01026,Commodities,Specialty Chemicals
Pashupati Cotspin Limited,PASHUPATI,INE124Y01028,Consumer Discretionary,Other Textile Products
PNB Gilts Limited,PNBGILTS,INE859A01011,Financial Services,Investment Company
ESAF Small Finance Bank Limited,ESAFSFB,INE818W01011,Financial Services,Other Bank
Navkar Corporation Limited,NAVKARCORP,INE278M01019,Services,Logistics Solution Provider
Solex Energy Limited,SOLEX,INE880Y01017,Industrials,Other Electrical Equipment
Southern Petrochemicals Industries Corporation  Limited,SPIC,INE147A01011,Commodities,Fertilizers
SEPC Limited,SEPC,INE964H01014,Industrials,Civil Construction
Shriram Properties Limited,SHRIRAMPPS,INE217L01019,Consumer Discretionary,Residential Commercial Projects
Jagsonpal Pharmaceuticals Limited,JAGSNPHARM,INE048B01035,Healthcare,Pharmaceuticals
Omaxe Limited,OMAXE,INE800H01010,Consumer Discretionary,Residential Commercial Projects
Dolat Algotech Limited,DOLATALGO,INE966A01022,Financial Services,Stockbroking & Allied
Lincoln Pharmaceuticals Limited,LINCOLN,INE405C01035,Healthcare,Pharmaceuticals
Apex Frozen Foods Limited,APEX,INE346W01013,Fast Moving Consumer Goods,Seafood
Venus Remedies Limited,VENUSREM,INE411B01019,Healthcare,Pharmaceuticals
Aurum PropTech Limited,AURUM,INE898S01029,Information Technology,IT Enabled Services
DCW Limited,DCW,INE500A01029,Commodities,Petrochemicals
Wendt (India) Limited,WENDT,INE274C01019,Industrials,Abrasives & Bearings
Ivalue Infosolutions Limited,IVALUE,INE056801025,Information Technology,Computers Hardware & Equipments
Atul Auto Limited,ATULAUTO,INE951D01028,Industrials,Commercial Vehicles
Sula Vineyards Limited,SULA,INE142Q01026,Fast Moving Consumer Goods,Breweries & Distilleries
Tinna Rubber and Infrastructure Limited,TINNARUBR,INE015C01016,Industrials,Rubber
Den Networks Limited,DEN,INE947J01015,Consumer Discretionary,TV Broadcasting & Software Production
AYM Syntex Limited,AYMSYNTEX,INE193B01039,Consumer Discretionary,Other Textile Products
Wonder Electricals Limited,WEL,INE02WG01024,Consumer Discretionary,Household Appliances
TIL Limited,TIL,INE806C01018,Industrials,Construction Vehicles
Everest Kanto Cylinder Limited,EKC,INE184H01027,Industrials,Industrial Products
Dhanlaxmi Bank Limited,DHANBANK,INE680A01011,Financial Services,Private Sector Bank
Allcargo Logistics Limited,ALLCARGO,INE418H01029,Services,Logistics Solution Provider
Orient Green Power Company Limited,GREENPOWER,INE999K01014,Utilities,Power Generation
TTK Healthcare Limited,TTKHLTCARE,INE910C01018,Diversified,Diversified
B. L. Kashyap and Sons Limited,BLKASHYAP,INE350H01032,Industrials,Civil Construction
Digitide Solutions Limited,DIGITIDE,INE0U4701011,Information Technology,IT Enabled Services
Borosil Scientific Limited,BOROLTD,INE02PY01013,Industrials,Glass - Industrial
Hardwyn India Limited,HARDWYN,INE626Z01029,Consumer Discretionary,Furniture Home Furnishing
Capital Small Finance Bank Limited,CIFL,INE345H01024,Financial Services,Other Bank
ANDHRA PAPER LIMITED,ANDHRAPAP,INE435A01051,Commodities,Paper & Paper Products
Gulshan Polyols Limited,GULPOLY,INE255D01024,Fast Moving Consumer Goods,Other Agricultural Products
STEEL EXCHANGE INDIA LIMITED,STEELXIND,INE503B01021,Industrials,Iron & Steel Products
Huhtamaki India Limited,HUHTAMAKI,INE275B01026,Industrials,Packaging
Jay Bharat Maruti Limited,JAYBARMARU,INE571B01036,Consumer Discretionary,Auto Components & Equipments
Orient Technologies Limited,ORIENTTECH,INE0PPK01015,Information Technology,IT Enabled Services
Kross Limited,KROSS,INE0O6601022,Consumer Discretionary,Auto Components & Equipments
Alldigi Tech Limited,ALLDIGI,INE835G01018,Services,Business Process Outsourcing (BPO)/ Knowledge Process Outsourcing (KPO)
Meghmani Organics Limited,MOL,INE0CT101020,Commodities,Pesticides & Agrochemicals
Punjab Chemicals & Crop Protection Limited,PUNJABCHEM,INE277B01014,Commodities,Pesticides & Agrochemicals
Texmaco Infrastructure & Holdings Limited,TEXINFRA,INE435C01024,Services,Diversified Commercial Services
Salzer Electronics Limited,SALZERELEC,INE457F01013,Industrials,Other Electrical Equipment
Excel Industries Limited,EXCELINDUS,INE369A01029,Commodities,Specialty Chemicals
Diffusion Engineers Limited,ENGINERSIN,INE510A01028,Industrials,Other Industrial Products
Beta Drugs Limited,BETA,INE351Y01019,Healthcare,Pharmaceuticals
The Andhra Sugars Limited,ANDHRSUGAR,INE715B01021,Commodities,Commodity Chemicals
Salasar Techno Engineering Limited,SALASAR,INE170V01027,Industrials,Industrial Products
Platinum Industries Limited,PLATIND,INE0PT501018,Commodities,Specialty Chemicals
Nitta Gelatin India Limited,NITTAGELA,INE265B01019,Commodities,Specialty Chemicals
HMA Agro Industries Limited,HMAAGRO,INE0ECP01024,Fast Moving Consumer Goods,Meat Products including Poultry
IFGL Refractories Limited,IFGLEXPOR,INE133Y01011,Industrials,Electrodes & Refractories
Unitech Limited,UNITECH,INE694A01020,Consumer Discretionary,Residential Commercial Projects
Igarashi Motors India Limited,IGARASHI,INE188B01013,Consumer Discretionary,Auto Components & Equipments
Bharat Seats Limited,BHARATSE,INE415D01024,Consumer Discretionary,Auto Components & Equipments
IKIO Technologies Limited,IKIO,INE0LOJ01019,Consumer Discretionary,Consumer Electronics
Jaro Institute of Technology Management and Research Limited,JARO,INE00YJ01010,Consumer Discretionary,E-Learning
Faze Three Limited,FAZE3Q,INE963C01033,Consumer Discretionary,Other Textile Products
Nelcast Limited,NELCAST,INE189I01024,Industrials,Castings & Forgings
Ind-Swift Laboratories Limited,INDSWFTLAB,INE915B01019,Healthcare,Pharmaceuticals
Macpower CNC Machines Limited,MACPOWER,INE155Z01011,Industrials,Industrial Products
SRM Contractors Limited,SRM,INE0R6Z01013,Industrials,Civil Construction
Master Trust Limited,MASTERTR,INE677D01037,Financial Services,Stockbroking & Allied
Updater Services Limited,UDS,INE851I01011,Services,Diversified Commercial Services
GPT Healthcare Limited,GPTHEALTH,INE486R01017,Healthcare,Hospital
Quick Heal Technologies Limited,QUICKHEAL,INE306L01010,Information Technology,Software Products
Centrum Capital Limited,CENTRUM,INE660C01027,Financial Services,Other Financial Services
Laxmi Goldorna House Limited,LGHL,INE258Y01016,Consumer Discretionary,Gems Jewellery And Watches
Quadrant Future Tek Limited,QUADFUTURE,INE0LRY01011,Industrials,Cables - Electricals
Reliance Industrial Infrastructure Limited,RELINFRA,INE036A01016,Services,Logistics Solution Provider
IRM Energy Limited,IRMENERGY,INE07U701015,Energy,LPG/CNG/PNG/LNG Supplier
Paushak Limited,PAUSHAKLTD,INE111F01024,Commodities,Specialty Chemicals
Tarsons Products Limited,TARSONS,INE144Z01023,Healthcare,Medical Equipment & Supplies
Laxmi Dental Limited,LAXMIDENTL,INE0WO601020,Healthcare,Medical Equipment & Supplies
Aeroflex Enterprises Limited,AEROFLEX,INE024001021,Industrials,Iron & Steel Products
Vardhman Holdings Limited,VHL,INE701A01023,Financial Services,Investment Company
Tembo Global Industries Limited,TEMBO,INE869Y01010,Industrials,Iron & Steel Products
Balaji Telefilms Limited,BALAJITELE,INE794B01026,Consumer Discretionary,Media & Entertainment
Rajputana Stainless Limited,RSL,INE313L01016,Industrials,Iron & Steel Products
Gujarat Kidney And Super Speciality Limited,GKSL,INE0V0W01025,Healthcare,Hospital
IZMO Limited,IZMO,INE848A01014,Information Technology,IT Enabled Services
Dam Capital Advisors Limited,CIFL,INE345H01024,Financial Services,Stockbroking & Allied
Madras Fertilizers Limited,MADRASFERT,INE414A01015,Commodities,Fertilizers
Roto Pumps Limited,ROTO,INE535D01037,Industrials,Compressors Pumps & Diesel Engines
Gala Precision Engineering Limited,GALAPREC,INE0RE001014,Industrials,Industrial Products
3B Blackbio Dx Limited,3BBLACKBIO,INE994E01018,Healthcare,Healthcare Service Provider
AK Capital Services Limited,AKCAPIT,INE701G01012,Financial Services,Non Banking Financial Company (NBFC)
Asian Star Company Limited,ASTAR,INE194D01017,Consumer Discretionary,Gems Jewellery And Watches
Manaksia Coated Metals & Industries Limited,MANAKSIA,INE015D01022,Industrials,Iron & Steel Products
MIC Electronics Limited,MICEL,INE287C01037,Industrials,Other Industrial Products
Shree Digvijay Cement Co.Ltd,SHREECEM,INE070A01015,Commodities,Cement & Cement Products
Le Merite Exports Limited,LEMERITE,INE0G1L01017,Consumer Discretionary,Trading - Textile Products
Excelsoft Technologies Limited,EXCELSOFT,INE606N01019,Information Technology,IT Enabled Services
Suraj Estate Developers Limited,SURAJEST,INE843S01025,Consumer Discretionary,Residential Commercial Projects
BirlaNu Limited,BIRLANU,INE557A01011,Consumer Discretionary,Furniture Home Furnishing
Jindal Photo Limited,JINDALPHOT,INE796G01012,Financial Services,Investment Company
Bajaj Healthcare Limited,BAJAJHCARE,INE411U01027,Healthcare,Pharmaceuticals
Abans Financial Services Limited,AFSL,INE00ZE01026,Financial Services,Holding Company
AVT Natural Products Limited,AVTNPL,INE488D01021,Fast Moving Consumer Goods,Other Agricultural Products
Saraswati Commercial India Limited,ZSARACOM,INE967G01019,Financial Services,Non Banking Financial Company (NBFC)
Bcl Industries Limited,BCLIND,INE412G01024,Fast Moving Consumer Goods,Breweries & Distilleries
Fino Payments Bank Limited,FINOPB,INE02NC01014,Financial Services,Other Bank
Oriental Aromatics Limited,OAL,INE959C01023,Commodities,Specialty Chemicals
Century Enka Limited,CENTENKA,INE485A01015,Consumer Discretionary,Other Textile Products
Mamata Machinery Limited,MAMATA,INE0TO701015,Industrials,Industrial Products
Capital India Finance Limited,CIFL,INE345H01024,Financial Services,Non Banking Financial Company (NBFC)
Kapston Services Limited,KAPSTON,INE542Z01028,Services,Diversified Commercial Services
Western Carriers (India) Limited,WCIL,INE0CJF01024,Services,Logistics Solution Provider
GKW Limited,GKWLIMITED,INE528A01020,Financial Services,Investment Company
Crest Ventures Limited,CREST,INE559D01011,Financial Services,Non Banking Financial Company (NBFC)
Control Print Limited,CONTROLPR,INE663B01015,Information Technology,Computers Hardware & Equipments
Rajoo Engineers Limited,RAJOOENG,INE535F01024,Industrials,Industrial Products
Oricon Enterprises Limited,ORICONENT,INE730A01022,Industrials,Packaging
Creative Newtech Limited,CNL,INE985W01018,Services,Trading & Distributors
Himatsingka Seide Limited,HIMATSEIDE,INE049A01027,Consumer Discretionary,Other Textile Products
Genesys International Corporation Limited,GENESYS,INE727B01026,Information Technology,IT Enabled Services
Swelect Energy Systems Limited,SWELECTES,INE409B01013,Industrials,Heavy Electrical Equipment
Unicommerce Esolutions Limited,UNIECOM,INE00U401027,Information Technology,IT Enabled Services
Hariom Pipe Industries Limited,HARIOMPIPE,INE00EV01017,Industrials,Iron & Steel Products
Bhartiya International Limited,BIL,INE828A01016,Consumer Discretionary,Leather And Leather Products
Prime Securities Limited,PRIMESECU,INE032B01021,Financial Services,Other Financial Services
Eimco Elecon (India) Limited,EIMCOELECO,INE158B01016,Industrials,Industrial Products
Suyog Telematics Limited,SUYOG,INE442P01014,Telecommunication,Telecom - Infrastructure
Gretex Corporate Services Limited,GCSL,INE199P01028,Financial Services,Other Capital Market related Services
Ester Industries Limited,ESTER,INE778B01029,Industrials,Packaging
Prostarm Info Systems Limited,PROSTARM,INE0BX301013,Industrials,Other Electrical Equipment
Dhampur Sugar Mills Limited,DHAMPURSUG,INE041A01016,Fast Moving Consumer Goods,Sugar
Mafatlal Industries Limited,MAFATIND,INE270B01035,Consumer Discretionary,Other Textile Products
Yuken India Limited,YUKEN,INE384C01016,Industrials,Compressors Pumps & Diesel Engines
Stanley Lifestyles Limited,STANLEY,INE01A001028,Consumer Discretionary,Furniture Home Furnishing
Indo Amines Limited,INDOAMIN,INE760F01028,Commodities,Specialty Chemicals
Uttam Sugar Mills Limited,UTTAMSUGAR,INE786F01031,Fast Moving Consumer Goods,Sugar
Royal Orchid Hotels Limited,ROHLTD,INE283H01019,Consumer Discretionary,Hotels & Resorts
Health X Platform Limited,HEALTHX,INE019J01013,Healthcare,Healthcare Service Provider
Electrotherm (India) Limited,ELECTHERM,INE822G01016,Industrials,Iron & Steel Products
Themis Medicare Limited,THEMISMED,INE083B01024,Healthcare,Pharmaceuticals
Hexa Tradex Limited,HEXATRADEX,INE750M01017,Financial Services,Investment Company
Zuari Agro Chemicals Limited,ZUARI,INE840M01016,Commodities,Fertilizers
GHCL Textiles Limited,GHCLTEXTIL,INE0PA801013,Consumer Discretionary,Other Textile Products
Dharmaj Crop Guard Limited,DHARMAJ,INE00OQ01016,Commodities,Pesticides & Agrochemicals
NIIT Limited,NIITLTD,INE161A01038,Consumer Discretionary,Education
Fermenta Biotech Limited,FERMENTA,INE225B01021,Healthcare,Pharmaceuticals
Mac Charles India Limited,MCCHRLS-B,INE435D01014,Consumer Discretionary,Hotels & Resorts
Munjal Auto Industries Limited,MUNJALAU,INE672B01032,Consumer Discretionary,Auto Components & Equipments
Tribhovandas Bhimji Zaveri Limited,TBZ,INE760L01018,Consumer Discretionary,Gems Jewellery And Watches
Bajaj Steel Industries Limited,BAJAJST,INE704G01024,Industrials,Industrial Products
GRP Limited,GRPLTD,INE137I01015,Industrials,Rubber
Indef Manufacturing Limited,BAJAJINDEF,INE0O9T01021,Industrials,Industrial Products
Precot Limited,PRECOT,INE283A01014,Consumer Discretionary,Other Textile Products
Ambika Cotton Mills Limited,AMBIKCO,INE540G01014,Consumer Discretionary,Other Textile Products
Bodal Chemicals Limited,BODALCHEM,INE338D01028,Commodities,Dyes And Pigments
Borana Weaves Limited,BORANA,INE16SF01016,Consumer Discretionary,Other Textile Products
Matrimony.Com Limited,MATRIMONY,INE866R01028,Consumer Discretionary,Internet & Catalogue Retail
Kokuyo Camlin Limited,KOKUYOCMLN,INE760A01029,Fast Moving Consumer Goods,Stationary
Sterling Tools Limited,STERTOOLS,INE334A01023,Consumer Discretionary,Auto Components & Equipments
Taal Tech Limited,TAALTECH,INE524T01011,Services,Airline
Scoda Tubes Limited,SCODATUBES,INE090501011,Industrials,Iron & Steel Products
Rama Steel Tubes Limited,RAMASTEEL,INE230R01035,Industrials,Iron & Steel Products
TVS Electronics Limited,TVSELECT,INE236G01019,Information Technology,Computers Hardware & Equipments
Eldeco Housing And Industries Limited,ELDEHSG,INE668G01021,Consumer Discretionary,Residential Commercial Projects
Maan Aluminium Limited,MAANALU,INE215I01027,Commodities,Aluminium
Deccan Cements Limited,DECCANCE,INE583C01021,Commodities,Cement & Cement Products
Manoj Vaibhav Gems N Jewellers Limited,MVGJL,INE0KNT01012,Consumer Discretionary,Gems Jewellery And Watches
Ganesh Consumer Products Limited,GANESHCP,INE652V01016,Fast Moving Consumer Goods,Packaged Foods
A B Infrabuild Limited,ABINFRA,INE00YB01025,Industrials,Civil Construction
Max India Limited,MAXIND,INE0CG601016,Financial Services,Holding Company
Krishival Foods Limited,KRISHIVAL,INE0GGO01015,Fast Moving Consumer Goods,Other Food Products
Stel Holdings Limited,STEL,INE577L01016,Financial Services,Investment Company
Menon Bearings Limited,MENONBE,INE071D01033,Consumer Discretionary,Auto Components & Equipments
OM INFRA LIMITED,OMINFRAL,INE239D01028,Industrials,Civil Construction
Kopran Limited,KOPRAN,INE082A01010,Healthcare,Pharmaceuticals
Kellton Tech Solutions Limited,KELLTONTEC,INE164B01030,Information Technology,IT Enabled Services
Sudarshan Colorants India Limited,SUDARCOLOR,INE492A01029,Commodities,Dyes And Pigments
United Polyfab Gujarat Limited,UNITEDPOLY,INE368U01029,Consumer Discretionary,Other Textile Products
GIC Housing Finance Limited,GICHSGFIN,INE289B01019,Financial Services,Housing Finance Company
Prozone Realty Limited,PROZONER,INE195N01013,Consumer Discretionary,Real Estate related services
Pudumjee Paper Products Limited,PDMJEPAPER,INE865T01018,Commodities,Paper & Paper Products
Dwarikesh Sugar Industries Limited,DWARKESH,INE366A01041,Fast Moving Consumer Goods,Sugar
Valiant Organics Limited,VALIANTORG,INE565V01010,Commodities,Specialty Chemicals
Supreme Infrastructure India Limited,SUPREMEINF,INE550H01011,Industrials,Civil Construction
BEML Land Assets Limited,BLAL,INE0N7W01012,Financial Services,Investment Company
Kabra Extrusion Technik Limited,KABRAEXTRU,INE900B01029,Industrials,Industrial Products
N R Agarwal Industries Limited,NRAIL,INE740D01017,Commodities,Paper & Paper Products
Synergy Green Industries Limited,SGIL,INE00QT01015,Industrials,Castings & Forgings
RSWM Limited,RSWM,INE611A01016,Consumer Discretionary,Other Textile Products
Arihant Capital Markets Limited,ARIHANTCAP,INE420B01036,Financial Services,Stockbroking & Allied
The Ruby Mills Limited,RUBYMILLS,INE301D01026,Consumer Discretionary,Other Textile Products
NCL Industries Limited,NCLIND,INE732C01016,Commodities,Cement & Cement Products
Anuh Pharma Limited,ANUHPHR,INE489G01022,Healthcare,Pharmaceuticals
Aditya Birla Money Limited,BIRLAMONEY,INE865C01022,Financial Services,Stockbroking & Allied
The Sandesh Limited,SANDESH,INE583B01015,Consumer Discretionary,Print Media
Popular Vehicles and Services Limited,PVSL,INE772T01024,Consumer Discretionary,Auto Dealer
GTPL Hathway Limited,GTPL,INE869I01013,Consumer Discretionary,TV Broadcasting & Software Production
Xchanging Solutions Limited,XCHANGING,INE692G01013,Information Technology,Computers - Software & Consulting
Heranba Industries Limited,HERANBA,INE694N01015,Commodities,Pesticides & Agrochemicals
Ritco Logistics Limited,RITCO,INE01EG01016,Services,Logistics Solution Provider
Fairchem Organics Limited,FAIRCHEMOR,INE0DNW01011,Commodities,Specialty Chemicals
Beekay Steel Industries Limited,BEEKAY,INE213D01015,Industrials,Iron & Steel Products
Advent Hotels International Limited,ADVENTHTL,INE28GN01010,Consumer Discretionary,Hotels & Resorts
Innovision Limited,INNOVISION,INE0ADB01012,Services,Road Assets - Toll Annuity Hybrid-Annuity
ZUARI INDUSTRIES LIMITED,ZUARIIND,INE217A01012,Fast Moving Consumer Goods,Sugar
VLS Finance Limited,VLSFINANCE,INE709A01018,Financial Services,Investment Company
Arrow Greentech Limited,ARROWGREEN,INE570D01018,Industrials,Packaging
MMP Industries Limited,MMP,INE511Y01018,Commodities,Aluminium
Denta Water and Infra Solutions Limited,DENTA,INE0R4L01018,Utilities,Water Supply & Management
Cheviot Company Limited,CHEVIOT,INE974B01016,Commodities,Jute & Jute Products
Allied Digital Services Limited,ADSL,INE102I01027,Information Technology,IT Enabled Services
Rajapalayam Mills Limited,RAJPALAYAM,INE296E01026,Consumer Discretionary,Other Textile Products
Anlon Healthcare Limited,AHCL,INE0Y8W01025,Healthcare,Pharmaceuticals
Ganesh Benzoplast Limited,GANESHBE,INE388A01029,Energy,Oil Storage & Transportation
DMCC SPECIALITY CHEMICALS LIMITED,DMCC,INE505A01010,Commodities,Specialty Chemicals
The State Trading Corporation of India Limited,STCINDIA,INE655A01013,Services,Trading & Distributors
Kuantum Papers Limited,KUANTUM,INE529I01021,Commodities,Paper & Paper Products
Gloster Limited,GLOSTERLTD,INE350Z01018,Commodities,Jute & Jute Products
Kamdhenu Limited,KAMDHENU,INE390H01020,Industrials,Iron & Steel Products
Iris Clothings Limited,IRISDOREME,INE01GN01025,Consumer Discretionary,Garments & Apparels
Mukka Proteins Limited,MUKKA,INE0CG401037,Fast Moving Consumer Goods,Animal Feed
Vakrangee Limited,VAKRANGEE,INE051B01021,Information Technology,IT Enabled Services
Transpek Industry Limited,TRANSPEK,INE687A01016,Commodities,Commodity Chemicals
Modis Navnirman Limited,MODIS,INE0L0L01012,Consumer Discretionary,Residential Commercial Projects
PVP Ventures Limited,PVP,INE362A01016,Consumer Discretionary,Residential Commercial Projects
Fabtech Technologies Limited,FABTECH,INE0HF201011,Healthcare,Medical Equipment & Supplies
Fedders Holding Limited,FEDDERSHOL,INE417D01020,Financial Services,Non Banking Financial Company (NBFC)
Magadh Sugar & Energy Limited,MAGADSUGAR,INE347W01011,Fast Moving Consumer Goods,Sugar
Radhika Jeweltech Limited,RADHIKAJWE,INE583V01021,Consumer Discretionary,Gems Jewellery And Watches
Pradeep Metals Limited,PRADPME,INE770A01010,Consumer Discretionary,Auto Components & Equipments
Saurashtra Cement Limited,SAURASHCEM,INE626A01014,Commodities,Cement & Cement Products
Om Power Transmission Limited,OMPOWER,INE25E901019,Industrials,Civil Construction
Praveg Limited,PRAVEG,INE722B01019,Consumer Discretionary,Hotels & Resorts
Bhageria Industries Limited,BHAGERIA,INE354C01027,Commodities,Dyes And Pigments
Patel Retail Limited,PATELRMART,INE0R8B01010,Consumer Discretionary,Diversified Retail
Ksolves India Limited,KSOLVES,INE0D6I01023,Information Technology,Computers - Software & Consulting
Advance Agrolife Limited,ADVANCE,INE1B0W01010,Commodities,Pesticides & Agrochemicals
TV Today Network Limited,TVTODAY,INE038F01029,Consumer Discretionary,TV Broadcasting & Software Production
Kilitch Drugs (India) Limited,KILITCH,INE729D01010,Healthcare,Pharmaceuticals
Mindteck (India) Limited,MINDTECK,INE110B01017,Information Technology,Computers - Software & Consulting
Satia Industries Limited,SATIA,INE170E01023,Commodities,Paper & Paper Products
Shree Vasu Logistics Limited,SVLL,INE00CE01017,Services,Logistics Solution Provider
Nahar Poly Films Limited,NAHARPOLY,INE308A01027,Industrials,Packaging
Glottis Limited,GLOTTIS,INE0TQE01026,Services,Logistics Solution Provider
Mallcom (India) Limited,MALLCOM,INE389C01015,Industrials,Other Industrial Products
ZF Steering Gear (India) Limited,ZFSTEERING,INE116C01012,Consumer Discretionary,Auto Components & Equipments
Pyramid Technoplast Limited,PYRAMID,INE0MIS01010,Industrials,Packaging
Snowman Logistics Limited,SNOWMAN,INE734N01019,Services,Logistics Solution Provider
20 Microns Limited,20MICRONS,INE144J01027,Commodities,Industrial Minerals
Indo Farm Equipment Limited,INDOFARM,INE622H01018,Industrials,Construction Vehicles
Everest Industries Limited,EVERESTIND,INE295A01018,Commodities,Other Construction Materials
Sutlej Textiles and Industries Limited,SUTLEJTEX,INE645H01027,Consumer Discretionary,Other Textile Products
Visaka Industries Limited,VISAKAIND,INE392A01021,Commodities,Cement & Cement Products
Modi Naturals Limited,MODINATUR,INE537F01012,Fast Moving Consumer Goods,Other Agricultural Products
S Chand And Company Limited,SCHAND,INE807K01035,Consumer Discretionary,Printing & Publication
Davangere Sugar Company Limited,DAVANGERE,INE179G01029,Fast Moving Consumer Goods,Other Agricultural Products
Transindia Real Estate Limited,TREL,INE0O3901029,Services,Logistics Solution Provider
Hindustan Composites Limited,HINDCOMPOS,INE310C01029,Consumer Discretionary,Auto Components & Equipments
Best Agrolife Limited,BESTAGRO,INE052T01021,Commodities,Pesticides & Agrochemicals
Sharat Industries Limited,SHINDL,INE220Z01013,Fast Moving Consumer Goods,Seafood
Sukhjit Starch & Chemicals Limited,SUKHJITS,INE450E01029,Fast Moving Consumer Goods,Other Agricultural Products
Elin Electronics Limited,ELIN,INE050401020,Consumer Discretionary,Household Appliances
Onward Technologies Limited,ONWARDTEC,INE229A01017,Information Technology,IT Enabled Services
Linc Limited,LINC,INE802B01027,Fast Moving Consumer Goods,Stationary
Concord Enviro Systems Limited,CEWATER,INE037Z01029,Utilities,Waste Management
Focus Lighting and Fixtures Limited,FOCUS,INE593W01028,Consumer Discretionary,Consumer Electronics
Euro India Fresh Foods Limited,EIFFL,INE546V01010,Fast Moving Consumer Goods,Packaged Foods
Urja Global Limited,URJA,INE550C01020,Industrials,Other Electrical Equipment
Haldyn Glass Limited,HALDYNGL,INE506D01020,Industrials,Packaging
MODISON LIMITED,MODISONLTD,INE737D01021,Industrials,Other Electrical Equipment
Panache Digilife Limited,PANACHE,INE895W01019,Information Technology,IT Enabled Services
Aptech Limited,APTECHT,INE266F01018,Consumer Discretionary,Education
Primo Chemicals Limited,PRIMO,INE607A01022,Commodities,Commodity Chemicals
Nile Limited,NILE,INE445D01013,Commodities,Industrial Minerals
OnMobile Global Limited,ONMOBILE,INE809I01019,Consumer Discretionary,Web based media and service
Munjal Showa Limited,MUNJALSHOW,INE577A01027,Consumer Discretionary,Auto Components & Equipments
Manba Finance Limited,MANBA,INE939X01013,Financial Services,Non Banking Financial Company (NBFC)
BMW Ventures Limited,BMWVENTLTD,INE965W01036,Commodities,Trading - Metals
Vinyl Chemicals (India) Limited,VINYLINDIA,INE250B01029,Commodities,Trading - Chemicals
Repro India Limited,REPRO,INE461B01014,Consumer Discretionary,Printing & Publication
Inspirisys Solutions Limited,INSPIRISYS,INE020G01017,Information Technology,IT Enabled Services
HLV LIMITED,HLVLTD,INE102A01024,Consumer Discretionary,Hotels & Resorts
The Investment Trust Of India Limited,THEINVEST,INE924D01017,Financial Services,Other Financial Services
W S Industries (I) Limited,WSI,INE100D01014,Industrials,Civil Construction
PTL Enterprises Limited,PTL,INE034D01049,Services,Diversified Commercial Services
Dhunseri Investments Limited,DHUNINV,INE320L01011,Financial Services,Non Banking Financial Company (NBFC)
CSL Finance Limited,CSLFINANCE,INE718F01018,Financial Services,Non Banking Financial Company (NBFC)
Andhra Cements Limited,ACL,INE666E01020,Commodities,Cement & Cement Products
Nila Spaces Limited,NILASPACES,INE00S901012,Consumer Discretionary,Residential Commercial Projects
Credo Brands Marketing Limited,MUFTI,INE220Q01020,Consumer Discretionary,Speciality Retail
Orient Bell Limited,ORIENTBELL,INE607D01018,Consumer Discretionary,Ceramics
Black Rose Inds. Limited,BLACKROSE,INE761G01016,Commodities,Specialty Chemicals
IRIS RegTech Solutions Limited,IRIS,INE864K01010,Information Technology,Software Products
R K Swamy Limited,RKSWAMY,INE0NQ801033,Consumer Discretionary,Advertising & Media Agencies
Global Education Limited,GLOBAL,INE291W01037,Consumer Discretionary,Education
GFL Limited,GFLLIMITED,INE538A01037,Financial Services,Holding Company
HALEOS LABS LIMITED,HALEOSLABS,INE320X01016,Healthcare,Pharmaceuticals
RBZ Jewellers Limited,RBZJEWEL,INE0PEQ01016,Consumer Discretionary,Gems Jewellery And Watches
Zee Media Corporation Limited,ZEEMEDIA,INE966H01019,Consumer Discretionary,TV Broadcasting & Software Production
Sayaji Hotels Limited,SAYAJIHOTL,INE318C01014,SERVICES,HOTELS/RESORTS
Kronox Lab Sciences Limited,KRONOX,INE0ATZ01017,Commodities,Specialty Chemicals
TPL Plastech Limited,TPLPLASTEH,INE413G01022,Industrials,Packaging
Kanpur Plastipack Limited,KANPRPLA,INE694E01014,Industrials,Packaging
Essar Shipping Limited,ESSARSHPNG,INE122M01019,Services,Shipping
KN Agri Resources Limited,KNAGRI,INE0KNW01016,Fast Moving Consumer Goods,Edible Oil
International Conveyors Limited,INTLCONV,INE575C01027,Industrials,Industrial Products
Moneyboxx Finance Limited,MONEYBOXX,INE296Q01012,Financial Services,Non Banking Financial Company (NBFC)
Gujarat Apollo Industries Limited,GUJAPOLLO,INE826C01016,Industrials,Industrial Products
Advani Hotels & Resorts (India) Limited,ADVANIHOTR,INE199C01026,Consumer Discretionary,Hotels & Resorts
Kiran Vyapar Limited,KIRANVYPAR,INE555P01013,Financial Services,Non Banking Financial Company (NBFC)
Kamat Hotels (I) Limited,KAMATHOTEL,INE967C01018,Consumer Discretionary,Hotels & Resorts
Amanta Healthcare Limited,AMANTA,INE084K01015,Healthcare,Pharmaceuticals
United Drilling Tools Limited,UNIDT,INE961D01019,Industrials,Industrial Products
ORIENT CERATECH LIMITED,ORIENTCER,INE569C01020,Industrials,Electrodes & Refractories
OCCL Limited,OCCLLTD,INE0PK601023,Commodities,Commodity Chemicals
Emami Paper Mills Limited,EMAMIPAP,INE830C01026,Commodities,Paper & Paper Products
A B Cotspin India Limited,ABCOTS,INE08PH01015,Consumer Discretionary,Other Textile Products
Pasupati Acrylon Limited,PASUPTAC,INE818B01023,Commodities,Petrochemicals
The Ugar Sugar Works Limited,UGARSUGAR,INE071E01023,Fast Moving Consumer Goods,Other Agricultural Products
SIL Investments Limited,SILINV,INE923A01015,Financial Services,Investment Company
DIC India Limited,DICIND,INE303A01010,Commodities,Printing Inks
Donear Industries Limited,DONEAR,INE668D01028,Consumer Discretionary,Other Textile Products
Veljan Denison Limited,VELJAN,INE232E01013,Industrials,Compressors Pumps & Diesel Engines
Hindustan Media Ventures Limited,HMVL,INE871K01015,Consumer Discretionary,Print Media
Aries Agro Limited,ARIES,INE298I01015,Commodities,Fertilizers
Shah Metacorp Limited,SHAH,INE482J01021,Industrials,Iron & Steel Products
Pansari Developers Limited,PANSARI,INE697V01011,Consumer Discretionary,Residential Commercial Projects
Rushil Decor Limited,RUSHIL,INE573K01025,Consumer Discretionary,Plywood Boards/ Laminates
Globe International Carriers Limited,GICL,INE947T01022,Services,Logistics Solution Provider
Prakash Pipes Limited,PPL,INE050001010,Industrials,Plastic Products - Industrial
Shiv Aum Steels Limited,SHIVAUM,INE719F01016,Services,Trading & Distributors
SRG Housing Finance Limited,SRGHFL,INE559N01010,Financial Services,Housing Finance Company
Sreeleathers Limited,SREEL,INE099F01013,Consumer Discretionary,Footwear
Kothari Products Limited,KOTHARIPRO,INE823A01017,Services,Trading & Distributors
Suraj Limited,SURAJLTD,INE713C01016,Industrials,Iron & Steel Products
Euro Panel Products Limited,EUROBOND,INE505V01016,Industrials,Aluminium Copper & Zinc Products
Mangalam Global Enterprise Limited,MGEL,INE0APB01032,Fast Moving Consumer Goods,Other Agricultural Products
Singer India Limited,SINGERIND,INE638A01035,Consumer Discretionary,Household Appliances
Radiant Cash Management Services Limited,RADIANTCMS,INE855R01021,Services,Diversified Commercial Services
Orbit Exports Limited,ORBTEXP,INE231G01010,Consumer Discretionary,Other Textile Products
NDL Ventures Limited,NDLVENTURE,INE353A01023,Financial Services,Other Financial Services
Wim Plast Limited,WIMPLAST,INE015B01018,Consumer Discretionary,Plastic Products - Consumer
Rama Phosphates Limited,RAMAPHO,INE809A01032,Commodities,Fertilizers
Tera Software Limited,TERASOFT,INE482B01010,Information Technology,IT Enabled Services
Plastiblends India Limited,PLASTIBLEN,INE083C01022,Commodities,Specialty Chemicals
Nahar Capital and Financial Services Limited,NAHARCAP,INE049I01012,Financial Services,Investment Company
Rubfila International Limited,RUBFILA,INE642C01025,Industrials,Rubber
Banswara Syntex Limited,BANSWRAS,INE629D01020,Consumer Discretionary,Other Textile Products
Shalimar Paints Limited,SHALPAINTS,INE849C01026,Consumer Discretionary,Paints
Nimbus Projects Limited,NIMBSPROJ,INE875B01015,Consumer Discretionary,Residential Commercial Projects
R&B Denims Limited,RNBDENIMS,INE012Q01039,Consumer Discretionary,Other Textile Products
Harrisons  Malayalam Limited,HARRMALAYA,INE544A01019,Industrials,Rubber
PAKKA LIMITED,PAKKA,INE551D01018,Commodities,Paper & Paper Products
Dreamfolks Services Limited,DREAMFOLKS,INE0JS101016,Services,Airport & Airport services
Liberty Shoes Limited,LIBERTSHOE,INE557B01019,Consumer Discretionary,Footwear
Foods & Inns Limited,FOODSIN,INE976E01023,Fast Moving Consumer Goods,Packaged Foods
Mirza International Limited,MIRZAINT,INE771A01026,Consumer Discretionary,Leather And Leather Products
Shivalik Rasayan Limited,SHIVALIK,INE788J01021,Commodities,Pesticides & Agrochemicals
Lords Chloro Alkali Limited,LORDSCHLO,INE846D01012,Commodities,Commodity Chemicals
Sigma Solve Limited,SIGMA,INE0A0S01028,Information Technology,IT Enabled Services
Tolins Tyres Limited,TOLINS,INE0RWQ01014,Consumer Discretionary,Tyres & Rubber Products
Albert David Limited,ALBERTDAVD,INE155C01010,Healthcare,Pharmaceuticals
Gokul Refoils and Solvent Limited,GOKUL,INE020J01029,Fast Moving Consumer Goods,Edible Oil
Mazda Limited,MAZDA,INE885E01042,Industrials,Industrial Products
Vraj Iron and Steel Limited,VRAJ,INE0S2V01010,Commodities,Sponge Iron
B&B Triplewall Containers Limited,BBTCL,INE01EE01011,Industrials,Packaging
Autoline Industries Limited,AUTOIND,INE718H01014,Consumer Discretionary,Auto Components & Equipments
Coastal Corporation Limited,COASTCORP,INE377E01024,Fast Moving Consumer Goods,Seafood
Sinclairs Hotels Limited,SINCLAIR,INE985A01022,Consumer Discretionary,Hotels & Resorts
HT Media Limited,HTMEDIA,INE501G01024,Consumer Discretionary,Print Media
HCL Infosystems Limited,HCL-INSYS,INE236A01020,Information Technology,Computers Hardware & Equipments
Vertoz Limited,VERTOZ,INE188Y01031,Information Technology,IT Enabled Services
Manaksia Limited,MANAKSIA,INE015D01022,Industrials,Iron & Steel Products
Kaya Limited,KAYA,INE587G01015,Consumer Discretionary,Wellness
Nandan Denim Limited,NDL,INE875G01048,Consumer Discretionary,Other Textile Products
De Nora India Limited,DENORA,INE244A01016,Industrials,Electrodes & Refractories
Kavveri Defence & Wireless Technologies Limited,KAVDEFENCE,INE641C01019,Telecommunication,Telecom - Equipment & Accessories
TREJHARA SOLUTIONS LIMITED,TREJHARA,INE00CA01015,Services,Logistics Solution Provider
MBL Infrastructure Limited,MBLINFRA,INE912H01013,Industrials,Civil Construction
Thomas Scott (India) Limited,THOMASCOTT,INE480M01011,Consumer Discretionary,Garments & Apparels
Medico Remedies Limited,MEDICO,INE630Y01024,Healthcare,Pharmaceuticals
Batliboi Limited,BATLIBOI,INE177C01022,Industrials,Industrial Equipments
Ruchira Papers Limited,RUCHIRA,INE803H01014,Commodities,Paper & Paper Products
Medicamen Biotech Limited,MEDICAMEQ,INE646B01010,Healthcare,Pharmaceuticals
Ginni Filaments Limited,GINNIFILA,INE424C01010,Consumer Discretionary,Other Textile Products
DCM Shriram Industries Limited,DCMSRIND,INE843D01027,Fast Moving Consumer Goods,Sugar
Industrial Investment Trust Limited,THEINVEST,INE924D01017,Financial Services,Investment Company
3i Infotech Limited,3IINFOLTD,INE748C01038,Information Technology,Computers - Software & Consulting
Goa Carbon Limited,GOACARBON,INE426D01013,Commodities,Industrial Minerals
Orient Paper & Industries Limited,ORIENTPPR,INE592A01026,Commodities,Paper & Paper Products
Nupur Recyclers Limited,NRL,INE0JM501013,Commodities,Trading - Metals
Bedmutha Industries Limited,BEDMUTHA,INE844K01012,Industrials,Aluminium Copper & Zinc Products
Deepak Builders & Engineers India Limited,DBEIL,INE0OPA01019,Industrials,Civil Construction
Mangal Credit and Fincorp Limited,MANCREDIT,INE545L01039,Financial Services,Non Banking Financial Company (NBFC)
Atal Realtech Limited,ATALREAL,INE0ALR01029,Consumer Discretionary,Residential Commercial Projects
Tracxn Technologies Limited,TRACXN,INE0HMF01019,Services,Data Processing Services
Vardhman Acrylics Limited,VARDHACRLC,INE116G01013,Consumer Discretionary,Other Textile Products
R.P.P. Infra Projects Limited,RPPINFRA,INE324L01013,Industrials,Civil Construction
Megastar Foods Limited,MEGASTAR,INE00EM01016,Fast Moving Consumer Goods,Other Food Products
Career Point Edutech Limited,CPEDU,INE0P6P01016,Consumer Discretionary,Education
Remsons Industries Limited,REMSONSIND,INE474C01023,Consumer Discretionary,Auto Components & Equipments
ATLANTAA LIMITED,ATLANTAA,INE285H01022,Services,Road Assets - Toll Annuity Hybrid-Annuity
DJ Mediaprint & Logistics Limited,DJML,INE0B1K01014,Services,Logistics Solution Provider
Anjani Portland Cement Limited,APCL,INE071F01012,Commodities,Cement & Cement Products
Spencer's Retail Limited,SPENCERS,INE020801028,Consumer Discretionary,Diversified Retail
Soma Textiles & Industries Limited,SOMATEX,INE314C01013,Consumer Discretionary,Other Textile Products
Sahyadri Industries Limited,SAHYADRI,INE280H01015,Commodities,Other Construction Materials
Robust Hotels Limited,RHL,INE508K01013,Consumer Discretionary,Hotels & Resorts
HP Adhesives Limited,HPAL,INE0GSL01024,Commodities,Specialty Chemicals
Modi Rubber Limited,MODIRUBBER,INE832A01018,Consumer Discretionary,Tyres & Rubber Products
Muthoot Capital Services Limited,CIFL,INE345H01024,Financial Services,Non Banking Financial Company (NBFC)
Aarti Surfactants Limited,AARTISURF,INE09EO01013,Commodities,Specialty Chemicals
Mahindra EPC Irrigation Limited,MAHEPC,INE215D01010,Industrials,Industrial Products
Majestic Auto Limited,MAJESAUT,INE201B01022,Services,Diversified Commercial Services
VARVEE GLOBAL LIMITED,VGL,INE273D01027,Consumer Discretionary,Other Textile Products
Nath Bio-Genes (India) Limited,NATHBIOGEN,INE448G01010,Fast Moving Consumer Goods,Other Agricultural Products
Nila Infrastructures Limited,NILAINFRA,INE937C01029,Consumer Discretionary,Residential Commercial Projects
Ashima Limited,ASHIMASYN,INE440A01010,Consumer Discretionary,Residential Commercial Projects
Bafna Pharmaceuticals Limited,BAFNAPH,INE878I01022,Healthcare,Pharmaceuticals
Manomay Tex India Limited,MANOMAY,INE784W01015,Consumer Discretionary,Other Textile Products
Avonmore Capital & Management Services Limited,AVONMORE,INE323B01024,Financial Services,Non Banking Financial Company (NBFC)
Menon Pistons Limited,MENNPIS,INE650G01029,Consumer Discretionary,Auto Components & Equipments
AVG Logistics Limited,AVG,INE680Z01018,Services,Logistics Solution Provider
PPAP Automotive Limited,PPAP,INE095I01015,Consumer Discretionary,Auto Components & Equipments
Silgo Retail Limited,SILGO,INE01II01013,Consumer Discretionary,Gems Jewellery And Watches
Apollo Sindoori Hotels Limited,APOLSINHOT,INE451F01024,Consumer Discretionary,Hotels & Resorts
Axita Cotton Limited,AXITA,INE02EZ01022,Consumer Discretionary,Other Textile Products
Exxaro Tiles Limited,EXXARO,INE0GFE01026,Consumer Discretionary,Ceramics
Shradha Realty Limited,SHRADHA,INE715Y01031,Consumer Discretionary,Residential Commercial Projects
Hitech Corporation Limited,HITECHCORP,INE120D01012,Industrials,Packaging
Asian Hotels (East) Limited,AHLEAST,INE926K01017,Consumer Discretionary,Hotels & Resorts
UFO Moviez India Limited,UFO,INE527H01019,Consumer Discretionary,Film Production Distribution & Exhibition
Mercantile Ventures Limited,MERCANTILE,INE689O01013,Services,Diversified Commercial Services
Asahi Songwon Colors Limited,ASAHISONG,INE228I01012,Commodities,Dyes And Pigments
Dynemic Products Limited,DYNPRO,INE256H01015,Commodities,Specialty Chemicals
Halder Venture Limited,HALDER,INE115S01010,Fast Moving Consumer Goods,Edible Oil
U. Y. Fincorp Limited,UYFINCORP,INE152C01025,Financial Services,Non Banking Financial Company (NBFC)
KCP Sugar and Industries Corporation Limited,KCPSUGIND,INE790B01024,Fast Moving Consumer Goods,Sugar
Cineline India Limited,CINELINE,INE704H01022,Consumer Discretionary,Film Production Distribution & Exhibition
Birla Precision Technologies Limited,BIRLAPREC,INE372E01025,Industrials,Industrial Products
Vikas Lifecare Limited,VIKASLIFE,INE161L01027,Services,Trading & Distributors
A2Z Infra Engineering Limited,A2ZINFRA,INE619I01012,Services,Diversified Commercial Services
Nova Agritech Limited,NOVAAGRI,INE02H701025,Commodities,Fertilizers
BPL Limited,BPL,INE110A01019,Consumer Discretionary,Consumer Electronics
Indo-National Limited,NIPPOBATRY,INE567A01028,Fast Moving Consumer Goods,Household Products
D P Wires Limited,DPWIRES,INE864X01013,Industrials,Iron & Steel Products
Poddar Pigments Limited,PODDARMENT,INE371C01013,Commodities,Dyes And Pigments
The United Nilgiri Tea Estates Company Limited,UNITEDTEA,INE458F01011,Fast Moving Consumer Goods,Tea & Coffee
DELPHI WORLD MONEY LIMITED,DELPHIFX,INE726L01027,Financial Services,Other Financial Services
Brand Concepts Limited,BCONCEPTS,INE977Y01011,Consumer Discretionary,Speciality Retail
Ponni Sugars (Erode) Limited,PONNIERODE,INE838E01017,Fast Moving Consumer Goods,Sugar
Nureca Limited,NURECA,INE0DSF01015,Healthcare,Medical Equipment & Supplies
Cords Cable Industries Limited,CORDSCABLE,INE792I01017,Industrials,Cables - Electricals
Geekay Wires Limited,GEEKAYWIRE,INE669X01032,Industrials,Iron & Steel Products
Almondz Global Securities Limited,ALMONDZ,INE326B01035,Financial Services,Stockbroking & Allied
Aaron Industries Limited,AARON,INE721Z01010,Industrials,Industrial Products
TRF Limited,TRF,INE391D01019,Industrials,Industrial Products
Univastu India Limited,UNIVASTU,INE562X01013,Industrials,Civil Construction
Naga Dhunseri Group Limited,NDGL,INE756C01015,Financial Services,Investment Company
K.M.Sugar Mills Limited,KMSUGAR,INE157H01023,Fast Moving Consumer Goods,Sugar
RRIL Limited,RRIL,INE951M01037,Consumer Discretionary,Other Textile Products
Shree Tirupati Balajee Agro Trading Company Limited,TIRUPATI,INE238Y01018,Industrials,Packaging
Surana Telecom and Power Limited,SURANAT&P,INE130B01031,Utilities,Power Generation
Ambalal Sarabhai Enterprises Limited,AMBALALSA,INE432A01017,Healthcare,Pharmaceuticals
The Peria Karamalai Tea & Produce Company Limited,PKTEA,INE431F01018,Fast Moving Consumer Goods,Tea & Coffee
Diamines & Chemicals Limited,DIAMINESQ,INE591D01014,Commodities,Specialty Chemicals
Starteck Finance Limited,STARTECK,INE992I01013,Financial Services,Non Banking Financial Company (NBFC)
Sundaram Brake Linings Limited,SUNDRMBRAK,INE073D01013,Consumer Discretionary,Auto Components & Equipments
Ravinder Heights Limited,RVHL,INE09E501017,Consumer Discretionary,Residential Commercial Projects
Saraswati Saree Depot Limited,SSDL,INE0PQ101010,Consumer Discretionary,Garments & Apparels
Elgi Rubber Company Limited,ELGIRUBCO,INE819L01012,Industrials,Rubber
Intense Technologies Limited,INTENTECH,INE781A01025,Information Technology,IT Enabled Services
CL Educate Limited,CLEDUCATE,INE201M01029,Consumer Discretionary,Education
Global Vectra Helicorp Limited,GLOBALVECT,INE792H01019,Services,Airline
DCM Shriram Fine Chemicals Limited,DSFCL,INE0OFM01015,Commodities,Specialty Chemicals
IL&FS Investment Managers Limited,IVC,INE050B01023,Financial Services,Asset Management Company
Alankit Limited,ALANKIT,INE914E01040,Services,Diversified Commercial Services
Global Surfaces Limited,GSLSU,INE0JSX01015,Consumer Discretionary,Granites & Marbles
Pritika Auto Industries Limited,PRITIKAUTO,INE583R01029,Consumer Discretionary,Auto Components & Equipments
Aeroflex Neu Limited,AERONEU,INE035801013,Industrials,Packaging
Madhav Infra Projects Limited,MADHAVIPL,INE631R01026,Industrials,Civil Construction
Scan Steels Limited,SCANSTL,INE099G01011,Commodities,Iron & Steel
Shiva Texyarn Limited,SHIVATEX,INE705C01020,Consumer Discretionary,Other Textile Products
Kalyani Forge Limited,KALYANIFRG,INE314G01014,Industrials,Castings & Forgings
Vikas EcoTech Limited,VIKASECO,INE806A01020,Commodities,Specialty Chemicals
Bartronics India Limited,ASMS,INE855F01042,Information Technology,IT Enabled Services
Shalibhadra Finance Limited,SAHLIBHFI,INE861D01011,Financial Services,Non Banking Financial Company (NBFC)
Vibhor Steel Tubes Limited,VSTL,INE0QTF01015,Industrials,Iron & Steel Products
Comfort Intech Limited,COMFINTE,INE819A01049,Fast Moving Consumer Goods,Breweries & Distilleries
SONAM LIMITED,SONAMLTD,INE00LM01029,Consumer Discretionary,Consumer Electronics
Manaksia Aluminium Company Limited,MANAKSIA,INE015D01022,Commodities,Aluminium
DRC Systems India Limited,DRCSYSTEMS,INE03RS01027,Information Technology,IT Enabled Services
Worth Peripherals Limited,WORTHPERI,INE196Y01018,Industrials,Packaging
Lyka Labs Limited,LYKALABS,INE933A01014,Healthcare,Pharmaceuticals
Star Paper Mills Limited,STARPAPER,INE733A01018,Commodities,Paper & Paper Products
Veto Switchgears And Cables Limited,VETO,INE918N01018,Consumer Discretionary,Consumer Electronics
T T Limited,TTL,INE592B01024,Consumer Discretionary,Other Textile Products
Spacenet Enterprises India Limited,SPCENET,INE970N01027,Services,Trading & Distributors
Sintercom India Limited,SINTERCOM,INE129Z01016,Consumer Discretionary,Auto Components & Equipments
Sicagen India Limited,SICAGEN,INE176J01011,SERVICES,TRADING
Sakthi Sugars Limited,SAKHTISUG,INE623A01011,Fast Moving Consumer Goods,Sugar
Graviss Hospitality Limited,GRAVISSHO,INE214F01026,Consumer Discretionary,Hotels & Resorts
Bimetal Bearings Limited,BIMETAL,INE469A01019,MANUFACTURING,AUTO ANCILLARIES
AION-TECH SOLUTIONS LIMITED,GOLDTECH,INE805A01014,Information Technology,Software Products
Music Broadcast Limited,RADIOCITY,INE919I01024,Consumer Discretionary,Media & Entertainment
Rossell India Limited,ROSSELLIND,INE847C01020,Fast Moving Consumer Goods,Tea & Coffee
Kothari Sugars And Chemicals Limited,KOTARISUG,INE419A01022,Fast Moving Consumer Goods,Sugar
Neelamalai Agro Industries Limited,NEAGI,INE605D01012,Fast Moving Consumer Goods,Tea & Coffee
Shreyans Industries Limited,SHREYANIND,INE231C01019,Commodities,Paper & Paper Products
ACS Technologies Limited,ACSTECH,INE366C01021,Information Technology,IT Enabled Services
Airan Limited,AIRAN,INE645W01026,Information Technology,IT Enabled Services
Murudeshwar Ceramics Limited,MURUDCERA,INE692B01014,Consumer Discretionary,Ceramics
Nitiraj Engineers Limited,ENGINERSIN,INE510A01028,Industrials,Other Electrical Equipment
UCAL LIMITED,UCAL,INE139B01016,Consumer Discretionary,Auto Components & Equipments
Rana Sugars Limited,RANASUG,INE625B01014,Fast Moving Consumer Goods,Diversified FMCG
Khadim India Limited,KHADIM,INE834I01025,Consumer Discretionary,Footwear
Jullundur Motor Agency (Delhi) Limited,JMA,INE412C01023,Consumer Discretionary,Trading - Auto Components
Sikko Industries Limited,SIKKO,INE112X01025,Commodities,Pesticides & Agrochemicals
Gillanders Arbuthnot & Company Limited,GILLANDERS,INE047B01011,Diversified,Diversified
M K Proteins Limited,MKPL,INE964W01021,Fast Moving Consumer Goods,Edible Oil
Zee Learn Limited,ZEELEARN,INE565L01011,Consumer Discretionary,Education
Dai-Ichi Karkaria Limited,DAICHI,INE928C01010,Commodities,Specialty Chemicals
Supreme Holdings & Hospitality (India) Limited,SUPREME,INE822E01011,Consumer Discretionary,Residential Commercial Projects
Aarvi Encon Limited,AARVI,INE754X01016,Services,Diversified Commercial Services
Quint Digital Limited,QUINT,INE641R01017,Consumer Discretionary,Electronic Media
Mahalaxmi Rubtech Limited,MHLXMIRU,INE112D01035,Consumer Discretionary,Other Textile Products
Lancor Holdings Limited,LANCORHOL,INE572G01025,Consumer Discretionary,Residential Commercial Projects
Aspinwall and Company Limited,ASPINWALL,INE991I01015,Diversified,Diversified
Vaswani Industries Limited,VASWANI,INE590L01019,Commodities,Sponge Iron
Shree Ram Twistex Limited,SRTL,INE19GK01015,Consumer Discretionary,Other Textile Products
Virinchi Limited,VIRINCHI,INE539B01017,Information Technology,Software Products
Kamdhenu Ventures Limited,KAMDHENU,INE390H01020,Consumer Discretionary,Paints
Bharat Gears Limited,BHARATGEAR,INE561C01019,Consumer Discretionary,Auto Components & Equipments
Superhouse Limited,SUPERHOUSE,INE712B01010,Consumer Discretionary,Leather And Leather Products
GP Petroleums Limited,GULFPETRO,INE586G01017,Energy,Lubricants
Bharat Road Network Limited,BRNL,INE727S01012,Services,Road Assets - Toll Annuity Hybrid-Annuity
Dev Information Technology Limited,DEVIT,INE060X01034,Information Technology,IT Enabled Services
Indian Terrain Fashions Limited,INDTERRAIN,INE611L01021,Consumer Discretionary,Garments & Apparels
INCREDIBLE INDUSTRIES LIMITED,INCREDIBLE,INE452L01012,Industrials,Iron & Steel Products
Tamboli Industries Limited,TAMBOLIIN,INE864J01012,Financial Services,Holding Company
Tips Films Limited,TIPSFILMS,INE0LQS01015,Consumer Discretionary,Film Production Distribution & Exhibition
IVP Limited,IVP,INE043C01018,Commodities,Specialty Chemicals
Paul Merchants Limited,PML,INE291E01019,Financial Services,Other Financial Services
Natural Capsules Limited,NATCAPSUQ,INE936B01015,Healthcare,Pharmaceuticals
Amj Land Holdings Limited,AMJLAND,INE606A01024,Consumer Discretionary,Residential Commercial Projects
Digicontent Limited,DGCONTENT,INE03JI01017,Consumer Discretionary,Advertising & Media Agencies
Available Finance Limited,AVAILFC,INE325G01010,Financial Services,Other Financial Services
Emmbi Industries Limited,EMMBI,INE753K01015,Industrials,Packaging
Metroglobal Limited,METROGLOBL,INE085D01033,Services,Trading & Distributors
Baid Finserv Limited,BAIDFIN,INE020D01022,Financial Services,Non Banking Financial Company (NBFC)
Archidply Industries Limited,ARCHIDPLY,INE877I01016,Consumer Discretionary,Plywood Boards/ Laminates
Kritika Wires Limited,KRITIKA,INE00Z501029,Industrials,Iron & Steel Products
Modern Threads (India) Limited,MODTHREAD,INE794W01014,Consumer Discretionary,Other Textile Products
Ishan Dyes and Chemicals Limited,ISHANCH,INE561M01018,Commodities,Specialty Chemicals
AksharChem India Limited,AKSHARCHEM,INE542B01011,Commodities,Dyes And Pigments
DCM  Limited,DCM,INE498A01018,Information Technology,IT Enabled Services
UMIYA BUILDCON LIMITED,UMIYA-MRO,INE398B01018,Telecommunication,Telecom - Equipment & Accessories
Hindprakash Industries Limited,HPIL,INE05X901010,Commodities,Dyes And Pigments
Bilcare Limited,BI,INE986A01012,Healthcare,Healthcare Research Analytics & Technology
Prajay Engineers Syndicate Limited,PRAENG,INE505C01016,Consumer Discretionary,Residential Commercial Projects
Xelpmoc Design And Tech Limited,XELPMOC,INE01P501012,Information Technology,Software Products
Signet Industries Limited,SIGIND,INE529F01035,Services,Trading & Distributors
Indbank Merchant Banking Services Limited,INDBANK,INE841B01017,Financial Services,Stockbroking & Allied
Salona Cotspin Limited,SALONA,INE498E01010,Consumer Discretionary,Other Textile Products
Alpa Laboratories Limited,ALPA,INE385I01010,Healthcare,Pharmaceuticals
Lagnam Spintex Limited,LAGNAM,INE548Z01017,Consumer Discretionary,Other Textile Products
Dhunseri Tea & Industries Limited,DTIL,INE341R01014,Fast Moving Consumer Goods,Tea & Coffee
Crown Lifters Limited,CROWN,INE491V01019,Industrials,Industrial Products
Alphageo (India) Limited,ALPHAGEO,INE137C01018,Energy,Offshore Support Solution Drilling
Magnum Ventures Limited,MAGNUM,INE387I01016,Commodities,Paper & Paper Products
Shah Alloys Limited,SHAHALLOYS,INE640C01011,Industrials,Iron & Steel Products
AVRO INDIA LIMITED,AVROIND,INE652Z01025,Consumer Discretionary,Plastic Products - Consumer
Intrasoft Technologies Limited,ISFT,INE566K01011,Consumer Discretionary,E-Retail/ E-Commerce
HEC Infra Projects Limited,HECPROJECT,INE558R01013,Industrials,Civil Construction
Uravi Defence and Technology Limited,URAVIDEF,INE568Z01015,Consumer Discretionary,Auto Components & Equipments
Aartech Solonics Limited,AARTECH,INE01C001026,Industrials,Heavy Electrical Equipment
Sonal Mercantile Limited,SONAL,INE321M01017,Financial Services,Non Banking Financial Company (NBFC)
Landsmill Green Limited,LANDSMILL,INE688J01023,Services,Trading & Distributors
Narmada Agrobase Limited,NARMADA,INE117Z01011,Fast Moving Consumer Goods,Animal Feed
Surana Solar Limited,SURANASOL,INE272L01022,Services,Trading & Distributors
Reliable Data Services Limited,RELIABLE,INE375Y01018,Financial Services,Other Financial Services
Thakkers Developers Limited,THAKDEV,INE403F01017,Consumer Discretionary,Residential Commercial Projects
Cubex Tubings Limited,CUBEXTUB,INE144D01012,Industrials,Aluminium Copper & Zinc Products
Sampann Utpadan India Limited,SAMPANN,INE735M01018,Industrials,Rubber
Bal Pharma Limited,BALPHARMA,INE083D01012,Healthcare,Pharmaceuticals
Texmo Pipes and Products Limited,TEXMOPIPES,INE141K01013,Industrials,Plastic Products - Industrial
Sambhaav Media Limited,SAMBHAAV,INE699B01027,Consumer Discretionary,Electronic Media
RSD Finance Limited,RSDFIN,INE616F01022,Financial Services,Non Banking Financial Company (NBFC)
Coral India Finance & Housing Limited,CORALFINAC,INE558D01021,Services,Diversified Commercial Services
Premco Global Limited,PREMCO,INE001E01012,Consumer Discretionary,Other Textile Products
Tarmat Limited,TARMAT,INE924H01018,Industrials,Civil Construction
Vipul Limited,VIPULLTD,INE946H01037,Consumer Discretionary,Residential Commercial Projects
Weizmann Limited,WEIZMANIND,INE080A01014,Consumer Discretionary,Other Textile Products
Airo Lam limited,AIROLAM,INE801L01010,Consumer Discretionary,Plywood Boards/ Laminates
SecMark Consultancy Limited,SECMARK,INE0BTM01013,Information Technology,Computers - Software & Consulting
BSL Limited,BSL,INE594B01012,Consumer Discretionary,Other Textile Products
Norben Tea & Exports Limited,NORBTEAEXP,INE369C01017,Fast Moving Consumer Goods,Tea & Coffee
Shri Krishna Devcon Limited,SHRIKRISH,INE997I01012,Consumer Discretionary,Residential Commercial Projects
Lahoti Overseas Limited,LAHOTIOV,INE515C01023,Services,Trading & Distributors
BCPL Railway Infrastructure Limited,BCPL,INE00SW01015,Industrials,Civil Construction
Rajshree Sugars & Chemicals Limited,RAJSREESUG,INE562B01019,Fast Moving Consumer Goods,Sugar
Ganges Securities Limited,GANGESSECU,INE335W01016,Fast Moving Consumer Goods,Tea & Coffee
Lorenzini Apparels Limited,LAL,INE740X01023,Consumer Discretionary,Garments & Apparels
Rajshree Polypack Limited,RPPL,INE760W01023,Industrials,Packaging
AAA Technologies Limited,AAATECH,INE0D0U01013,Services,Consulting Services
GTL Limited,GTL,INE043A01012,Telecommunication,Other Telecom Services
Thacker & Company Limited,THACKER,INE077P01034,Financial Services,Other Financial Services
Udayshivakumar Infra Limited,USK,INE0N0Y01013,Industrials,Civil Construction
Jocil Limited,JOCIL,INE839G01010,Commodities,Commodity Chemicals
Bodhi Tree Multimedia Limited,BTML,INE0EEJ01023,Consumer Discretionary,Digital Entertainment
Mukta Arts Limited,MUKTAARTS,INE374B01019,Consumer Discretionary,Film Production Distribution & Exhibition
Vishwaraj Sugar Industries Limited,VISHWARAJ,INE430N01022,Fast Moving Consumer Goods,Sugar
B & A Limited,BNALTD,INE489D01011,Fast Moving Consumer Goods,Tea & Coffee
Regency Ceramics Limited,REGENCERAM,INE277C01012,Consumer Discretionary,Ceramics
Orissa Bengal Carrier Limited,OBCL,INE426Z01016,Services,Logistics Solution Provider
Moksh Ornaments Limited,MOKSH,INE514Y01020,Consumer Discretionary,Gems Jewellery And Watches
ShreeOswal Seeds And Chemicals Limited,OSWALSEEDS,INE00IK01029,Fast Moving Consumer Goods,Other Agricultural Products
GLOBE ENTERPRISES (INDIA) LIMITED,GLOBE,INE581X01021,Consumer Discretionary,Other Textile Products
Zenith Exports Limited,ZENITHEXPO,INE058B01018,Consumer Discretionary,Leather And Leather Products
Rajnandini Metal Limited,RAJMET,INE00KV01022,Industrials,Aluminium Copper & Zinc Products
Art Nirman Limited,ARTNIRMAN,INE738V01013,Consumer Discretionary,Residential Commercial Projects
Raj Television Network Limited,RAJTV,INE952H01027,Consumer Discretionary,TV Broadcasting & Software Production
GVP Infotech Limited,GVPTECH,INE382T01030,Information Technology,IT Enabled Services
Lambodhara Textiles Limited,LAMBODHARA,INE112F01022,Consumer Discretionary,Other Textile Products
Shyam Century Ferrous Limited,SHYAMCENT,INE979R01011,Commodities,Ferro & Silica Manganese
The Grob Tea Company Limited,GROBTEA,INE646C01018,Fast Moving Consumer Goods,Tea & Coffee
Lovable Lingerie Limited,LOVABLE,INE597L01014,Consumer Discretionary,Garments & Apparels
DB (International) Stock Brokers Limited,DBSTOCKBRO,INE921B01025,Financial Services,Stockbroking & Allied
Sarthak Metals Limited,SMLT,INE017W01010,Industrials,Iron & Steel Products
B.A.G Films and Media Limited,BAGFILMS,INE116D01028,Consumer Discretionary,TV Broadcasting & Software Production
Standard Industries Limited,SIL,INE173A01025,Consumer Discretionary,Trading - Textile Products
Aarnav Fashions Limited,AARNAV,INE750R01016,Consumer Discretionary,Other Textile Products
Goyal Aluminiums Limited,GOYALALUM,INE705X01026,Services,Trading & Distributors
Beardsell Limited,BEARDSELL,INE520H01022,Industrials,Other Industrial Products
Sadbhav Infrastructure Project Limited,SADBHIN,INE764L01010,Services,Road Assets - Toll Annuity Hybrid-Annuity
Jet Freight Logistics Limited,JETFREIGHT,INE982V01025,Services,Logistics Solution Provider
Digjam Limited,DIGJAMLMTD,INE731U01028,Consumer Discretionary,Other Textile Products
Barak Valley Cements Limited,BVCL,INE139I01011,Commodities,Cement & Cement Products
Kohinoor Foods Limited,KOHINOOR,INE080B01012,Fast Moving Consumer Goods,Other Food Products
The Motor & General Finance Limited,MOTOGENFIN,INE861B01023,Services,Diversified Commercial Services
Reliance Chemotex Industries Limited,RELIANCE,INE002A01018,Consumer Discretionary,Other Textile Products
Cinevista Limited,CINEVISTA,INE039B01026,Consumer Discretionary,Residential Commercial Projects
Onelife Capital Advisors Limited,ONELIFECAP,INE912L01015,Financial Services,Stockbroking & Allied
AMD Industries Limited,AMDIND,INE005I01014,Industrials,Packaging
Total Transport Systems Limited,TOTAL,INE336X01012,Services,Logistics Solution Provider
Patel Integrated Logistics Limited,PATINTLOG,INE529D01014,Services,Logistics Solution Provider
SPL Industries Limited,SPLIL,INE978G01016,Consumer Discretionary,Trading - Textile Products
Uma Exports Limited,UMAEXPORTS,INE0GIU01018,Services,Trading & Distributors
Fiberweb (India) Limited,FIBERWEB,INE296C01020,Consumer Discretionary,Other Textile Products
Atam Valves Limited,ATAM,INE09KD01013,Industrials,Industrial Products
Zenith Steel Pipes & Industries Limited,ZENITHSTL,INE318D01020,Industrials,Iron & Steel Products
Accuracy Shipping Limited,ACCURACY,INE648Z01023,Services,Logistics Solution Provider
Hisar Metal Industries Limited,HISARMETAL,INE598C01011,Industrials,Iron & Steel Products
Nagreeka Exports Limited,NAGREEKEXP,INE123B01028,Consumer Discretionary,Other Textile Products
RKEC Projects Limited,RKEC,INE786W01010,Industrials,Civil Construction
HandsOn Global Management (HGM) Limited,HGM,INE596H01014,Information Technology,IT Enabled Services
Prakash Steelage Limited,PRAKASHSTL,INE696K01024,Industrials,Iron & Steel Products
Banaras Beads Limited,BANARBEADS,INE655B01011,Consumer Discretionary,Gems Jewellery And Watches
NRB Industrial Bearings Limited,NRBBEARING,INE349A01021,Industrials,Abrasives & Bearings
TruCap Finance Limited,TRU,INE615R01029,Financial Services,Non Banking Financial Company (NBFC)
Ajooni Biotech Limited,AJOONI,INE820Y01021,Fast Moving Consumer Goods,Animal Feed
Paras Petrofils Limited,PARASPETRO,INE162C01024,Financial Services,Investment Company
Orchasp Limited,ORCHASP,INE215B01022,Information Technology,Computers - Software & Consulting
SECUREKLOUD TECHNOLOGIES LIMITED,SECURKLOUD,INE650K01021,Information Technology,IT Enabled Services
Alkali Metals Limited,ALKALI,INE773I01017,Commodities,Specialty Chemicals
Raj Oil Mills Limited,ROML,INE294G01026,Fast Moving Consumer Goods,Edible Oil
Future Market Networks Limited,FMNL,INE360L01017,Services,Diversified Commercial Services
Sundaram Multi Pap Limited,SUNDARAM,INE108E01023,Fast Moving Consumer Goods,Stationary
Bonlon Industries Limited,BONLON,INE0B9A01018,Commodities,Trading - Metals
Atlas Cycles (Haryana) Limited,ATLASCYCLE,INE446A01025,Consumer Discretionary,Cycles
Agri-Tech (India) Limited,AGRITECH,INE449G01018,Fast Moving Consumer Goods,Other Agricultural Products
Anmol India Limited,ANMOL,INE02AR01019,Energy,Trading - Coal
Orient Press Limited,ORIENTLTD,INE609C01024,Industrials,Packaging
Agro Phos India Limited,AGROPHOS,INE740V01019,Commodities,Fertilizers
Priti International Limited,PRITI,INE974Z01015,Consumer Discretionary,Furniture Home Furnishing
Balkrishna Paper Mills Limited,BALKRISHNA,INE875R01011,Commodities,Paper & Paper Products
3P Land Holdings Limited,3PLAND,INE105C01023,Financial Services,Investment Company
GACM Technologies Limited,GATECH,INE224E01028,Financial Services,Other Financial Services
Nandani Creation Limited,JAIPURKURT,INE696V01013,Consumer Discretionary,Garments & Apparels
Teamo Productions HQ Limited,TPHQ,INE065J01024,Services,Trading & Distributors
ICDS Limited,ICDSLTD,INE613B01010,Services,Diversified Commercial Services
Hybrid Financial Services Limited,HYBRIDFIN,INE965B01022,Financial Services,Stockbroking & Allied
Malu Paper Mills Limited,MALUPAPER,INE383H01017,Commodities,Paper & Paper Products
Gayatri Highways Limited,GAYAHWS,INE287Z01012,Services,Road Assets - Toll Annuity Hybrid-Annuity
Vinny Overseas Limited,VINNY,INE01KI01027,Consumer Discretionary,Garments & Apparels
Karma Energy Limited,KARMAENG,INE725L01011,Utilities,Power Generation
Biofil Chemicals & Pharmaceuticals Limited,BIOFILCHEM,INE829A01014,Healthcare,Pharmaceuticals
Ahlada Engineers Limited,AHLADA,INE00PV01013,Consumer Discretionary,Furniture Home Furnishing
Bang Overseas Limited,BANG,INE863I01016,Consumer Discretionary,Garments & Apparels
AKI India Limited,AKI,INE642Z01026,Consumer Discretionary,Leather And Leather Products
Dangee Dums Limited,DANGEE,INE688Y01022,Fast Moving Consumer Goods,Other Food Products
Archies Limited,ARCHIES,INE731A01020,Consumer Discretionary,Leisure Products
Manugraph India Limited,MANUGRAPH,INE867A01022,Industrials,Industrial Products
Oriental Trimex Limited,ORIENTALTL,INE998H01012,Consumer Discretionary,Granites & Marbles
Auri Grow India Limited,AURIGROW,INE925Y01036,Industrials,Cables - Electricals
Mittal Life Style Limited,MITTAL,INE997Y01027,Consumer Discretionary,Garments & Apparels
Jain Irrigation Systems Limited,JISLJALEQS,INE175A01038,Industrials,Plastic Products - Industrial
Madhucon Projects Limited,MADHUCON,INE378D01032,Industrials,Civil Construction
Archidply Decor Limited,ADL,INE0CHO01012,Consumer Discretionary,Plywood Boards/ Laminates
Lasa Supergenerics Limited,LASA,INE670X01014,Healthcare,Pharmaceuticals
NK Industries Limited,NKIND,INE542C01019,Fast Moving Consumer Goods,Edible Oil
Sagardeep Alloys Limited,SAGARDEEP,INE976T01013,Industrials,Aluminium Copper & Zinc Products
Aro Granite Industries Limited,AROGRANITE,INE210C01013,Consumer Discretionary,Granites & Marbles
Lexus Granito (India) Limited,LEXUS,INE500X01013,Consumer Discretionary,Ceramics
Ashoka Metcast Limited,ASHOKAMET,INE760Y01011,Commodities,Trading - Metals
Akshar Spintex Limited,AKSHAR,INE256Z01025,Consumer Discretionary,Other Textile Products
Country Condo's Limited,COUNCODOS,INE695B01025,Consumer Discretionary,Residential Commercial Projects
Diligent Media Corporation Limited,DNAMEDIA,INE016M01021,Consumer Discretionary,Electronic Media
Akg Exim Limited,AKG,INE00Y801016,Services,Trading & Distributors
DSJ Keep Learning Limited,KEEPLEARN,INE055C01020,Consumer Discretionary,Education
Ganga Forging Limited,GANGAFORGE,INE691Z01023,Industrials,Castings & Forgings
Mohit Industries Limited,MOHITIND,INE954E01012,Consumer Discretionary,Other Textile Products
Madhav Marbles and Granites Limited,MADHAV,INE925C01016,Consumer Discretionary,Granites & Marbles
Kanani Industries Limited,KANANIIND,INE879E01037,Consumer Discretionary,Gems Jewellery And Watches
Libas Consumer Products Limited,LIBAS,INE908V01012,Consumer Discretionary,Garments & Apparels
Williamson Magor & Company Limited,WILLAMAGOR,INE210A01017,Financial Services,Investment Company
Kaushalya Infrastructure Development Corporation Limited,KAUSHALYA,INE234I01028,Consumer Discretionary,Hotels & Resorts
STL Global Limited,SGL,INE353H01010,Consumer Discretionary,Other Textile Products
Infomedia Press Limited,INFOMEDIA,INE669A01022,Consumer Discretionary,Printing & Publication
Kridhan Infra Limited,KRIDHANINF,INE524L01026,Industrials,Civil Construction
Next Mediaworks Limited,NEXTMEDIA,INE747B01016,Consumer Discretionary,Media & Entertainment
Super Spinning Mills Limited,SUPERSPIN,INE662A01027,Consumer Discretionary,Other Textile Products
Pritish Nandy Communications Limited,PNC,INE392B01011,Consumer Discretionary,Film Production Distribution & Exhibition
TGB Banquets And Hotels Limited,TGBHOTELS,INE797H01018,Consumer Discretionary,Hotels & Resorts
Vaxtex Cotfab Limited,VCL,INE098201036,Consumer Discretionary,Other Textile Products
Sri Havisha Hospitality and Infrastructure Limited,HAVISHA,INE293B01029,Consumer Discretionary,Hotels & Resorts
Silly Monks Entertainment Limited,SILLYMONKS,INE203Y01012,Consumer Discretionary,Media & Entertainment
Gujarat Raffia Industries Limited,GUJRAFFIA,INE610B01024,Industrials,Packaging
Ace Integrated Solutions Limited,ACEINTEG,INE543V01017,Commodities,Trading - Chemicals
TV Vision Limited,TVVISION,INE871L01013,Consumer Discretionary,TV Broadcasting & Software Production
TCI Finance Limited,TCIFINANCE,INE911B01018,Financial Services,Non Banking Financial Company (NBFC)
Heads UP Ventures Limited,HEADSUP,INE759V01019,Consumer Discretionary,Garments & Apparels
Lypsa Gems & Jewellery Limited,LYPSAGEMS,INE142K01011,Consumer Discretionary,Gems Jewellery And Watches
Visagar Polytex Limited,VIVIDHA,INE370E01029,Consumer Discretionary,Garments & Apparels
Niraj Ispat Industries Limited,NIRAJISPAT,INE326T01011,Consumer Discretionary,Plastic Products - Consumer
Antarctica Limited,ANTGRAPHIC,INE414B01021,Industrials,Packaging
Creative Eye Limited,CREATIVEYE,INE230B01021,Consumer Discretionary,Media & Entertainment
Rajdarshan Industries Limited,ARENTERP,INE610C01014,Commodities,Trading - Minerals
Blue Chip India Limited,BLUECHIP,INE657B01025,Financial Services,Investment Company
GACM Technologies Limited,GATECH,INE224E01028,Financial Services,Other Financial Services
Shanti Overseas (India) Limited,SHANTI,INE933X01016,Fast Moving Consumer Goods,Other Agricultural Products
BN Agrochem Limited,BNAGROCHEM,INE00HZ01011,,
Cura Technologies Limited,CURAA,INE117B01020,,
IL&FS Engineering and Construction Company Limited,IL&FSENGG,INE369I01014,Industrials,Civil Construction
Kanchi Karpooram Limited,KANCHI,INE081G01019,,
Raj Rayon Industries Limited,RAJRILTD,INE533D01032,Consumer Discretionary,Other Textile Products
Reliance Home Finance Limited,RHFL,INE217K01011,Financial Services,Housing Finance Company
RMC Switchgears Limited,RMC,INE655V01019,Industrials,Other Electrical Equipment
Sical Logistics Limited,SICALLOG,INE075B01020,,
Swan Defence and Heavy Industries Limited,SWANDEF,INE542F01020,,
Take Solutions Limited,TAKE,INE142I01023,Healthcare,Healthcare Research Analytics & Technology
Viceroy Hotels Limited,VHLTD,INE048C01025,,
